China	  ***  	China  ; People's Republic of China  ; mainland China  ; Communist China  ; Red China  ; PRC  ; Cathay	country
Estados Unidos	  ***  	United States  ; United States of America  ; America  ; the States  ; US  ; U.S.  ; USA  ; U.S.A.	country
Italia	  ***  	Italy  ; Italian Republic  ; Italia	country
Japón	  ***  	Japan  ; Nippon  ; Nihon	country
Reino Unido	  ***  	United Kingdom  ; UK  ; U.K.  ; Britain  ; United Kingdom of Great Britain and Northern Ireland  ; Great Britain	country
Reino de España	  ***  	Spain  ; Kingdom of Spain  ; Espana	country
República Checa	  ***  	Czech Republic	country
República Federal de Alemania	  ***  	Germany  ; Federal Republic of Germany  ; Deutschland  ; FRG	country
República Francesa	  ***  	France  ; French Republic	country
República de la India	  ***  	India  ; Republic of India  ; Bharat	country
a	  ***  	at	preposition
a	  ***  	at	preposition
a lo largo de ; junto con	  ***  	along	adverb
a través de ; dentro de ; por	  ***  	through	adverb
a veces	  ***  	sometimes	adverb
abajo	  ***  	down  ; downwards  ; downward  ; downwardly	adverb
abajo  ; debajo	  ***  	down	adjective
abandonar ; dejar	  ***  	leave	verb
abeja	  ***  	bee	animal
abierto	  ***  	open  ; unfastened	adjective-basic
abonar ; pagar	  ***  	pay	verb-basic
abril	  ***  	April  ; Apr	time
abrillantar	  ***  	polish  ; smooth  ; smoothen  ; shine	verb
abrir	  ***  	open  ; open up	verb-basic
absoluto ; completo ; perfecto ; total	  ***  	full  ; total	adjective
abuelo	  ***  	grandfather  ; gramps  ; granddad  ; grandad  ; granddaddy  ; grandpa	family
acabar ; cesar ; concluir ; parar ; terminar	  ***  	end  ; stop  ; finish  ; terminate  ; cease	verb
acalorado	  ***  	hot	adjective-basic
acarrear ; llevar ; traer ; transportar	  ***  	bring  ; convey  ; take	verb
accidente	  ***  	accident	transport
acción ; actividad	  ***  	activity  ; action  ; activeness	abstract
acción ; acto	  ***  	act  ; deed  ; human action  ; human activity	abstract
acción ; acto ; hecho	  ***  	action	abstract
acción ; título	  ***  	share	business
aceite	  ***  	oil	food
aceituna	  ***  	olive	vegetable
aceptar ; querer ; alojar	  ***  	accept  ; take  ; have	verb
acerca de	  ***  	after	adjective
acero	  ***  	steel	material
acertado ; correcto	  ***  	correct  ; right	adjective-basic
acoplar ; reunir	  ***  	join  ; bring together	verb
acrecentar	  ***  	enhance  ; heighten  ; raise	verb
actitud ; disposición ; postura	  ***  	attitude  ; mental attitude	abstract
actor ; intérprete ; farandulero ; cómico	  ***  	actor  ; histrion  ; player  ; thespian  ; role player	profession
actriz	  ***  	actress	profession
actual ; presente ; ofrenda	  ***  	present	adjective
actualidad ; presente	  ***  	present  ; nowadays	time
actualmente	  ***  	now  ; at present	adverb
actuar ; hacer ; representar	  ***  	act  ; move	verb
acuerdo ; pacto ; contrato	  ***  	agreement  ; understanding	business
acusar	  ***  	accuse  ; charge	verb
adelante	  ***  	before  ; ahead  ; in front	adverb
adelante	  ***  	forward  ; forwards  ; frontward  ; frontwards  ; forrad  ; forrard	adverb
además de	  ***  	beside	preposition
adentro	  ***  	inside  ; within	adverb
adición	  ***  	addition  ; add-on  ; improver	abstract
admitir ; reconocer	  ***  	admit  ; acknowledge	verb
adorno ; decoración	  ***  	decoration  ; ornament  ; ornamentation	abstract
adquirir ; comprar	  ***  	buy  ; purchase	verb-basic
adversario ; rival	  ***  	competitor  ; rival  ; challenger  ; competition  ; contender	sports
advertencia ; consejo	  ***  	advice	business
aeropuerto ; aeródromo	  ***  	airport  ; airdrome  ; aerodrome  ; drome	city
afanar ; quitar	  ***  	steal	verb
afección ; enfermedad	  ***  	disease	medicine
afectar ; conmover	  ***  	affect  ; impact  ; bear upon  ; bear on  ; touch on  ; touch	verb
afirmación ; declaración	  ***  	statement	communication
afortunado	  ***  	lucky	adjective
afán ; dedicación ; esfuerzo ; agotamiento	  ***  	effort  ; elbow grease  ; exertion  ; travail  ; sweat	abstract
agente ; guardia ; oficial ; policía	  ***  	policeman  ; police officer  ; officer	profession
agosto	  ***  	August  ; Aug	time
agradable ; bonito ; simpático	  ***  	nice	adjective-basic
agradar ; complacer ; encantar	  ***  	please  ; delight	verb
agradecer	  ***  	thank  ; give thanks	verb
agregar ; añadir	  ***  	add	verb
agrupación ; colectivo ; grupo	  ***  	group  ; grouping	business
agua	  ***  	water  ; H2O	drink
aguantar ; sostener ; sujetar	  ***  	hold  ; take hold	verb
aguardar ; contar ; esperar	  ***  	expect  ; look  ; await  ; wait	verb
agudo ; afilado ; cortante	  ***  	sharp  ; acuate  ; acute  ; needlelike	adjective-basic
aguja	  ***  	needle	tool
agujero ; cavidad ; hueco	  ***  	hole	abstract
ahorrar	  ***  	save  ; preserve	verb
ahí	  ***  	here  ; hither	adverb
ahí	  ***  	there  ; at that place  ; in that location	adverb
airado	  ***  	angry	adjective-people
aire	  ***  	air	nature
aire ; atmósfera	  ***  	atmosphere  ; air	environment
ajo	  ***  	garlic  ; ail	vegetable
ala	  ***  	wing	anatomy
alambre	  ***  	wire	object
alcance	  ***  	reach  ; range	abstract
alcance ; ámbito ; esfera ; marco	  ***  	range  ; scope  ; reach  ; orbit  ; compass  ; ambit	science
alcanzar ; ganar	  ***  	reach  ; make  ; attain  ; hit  ; arrive at  ; gain	verb
alcanzar ; lograr	  ***  	achieve  ; accomplish  ; attain  ; reach	verb
alcoba ; dormitorio ; habitación ; pieza ; cuarto ; dependencia	  ***  	bedroom  ; sleeping room  ; sleeping accommodation  ; chamber  ; bedchamber	house
alemán	  ***  	German  ; High German  ; German language	language
alfiler	  ***  	pin	object
alfombra ; tapete ; tapiz ; moqueta	  ***  	carpet  ; rug  ; carpeting	furniture
algodón	  ***  	cotton	material
aliento ; respiración ; ánimo ; soplo ; anhelo	  ***  	breath	anatomy
alimento ; comida	  ***  	food  ; nutrient	food
almuerzo ; comida	  ***  	lunch  ; luncheon  ; tiffin  ; dejeuner	food
almuerzo ; desayuno	  ***  	breakfast	food
alrededor	  ***  	about  ; around	adverb
alteración ; cambio ; modificación ; variación	  ***  	change  ; alteration  ; modification	abstract
alterar ; cambiar	  ***  	change  ; alter  ; modify	verb
alternativa ; elección ; opción	  ***  	option  ; alternative  ; choice	science
altitud ; altura ; elevación	  ***  	height  ; altitude	geography
alto	  ***  	high	adjective-basic
alto	  ***  	tall	adjective
alto	  ***  	up  ; upwards  ; upward  ; upwardly	adverb
alubia ; judía	  ***  	bean  ; edible bean	vegetable
aludir ; citar ; mencionar ; mentar ; nombrar	  ***  	mention  ; advert  ; bring up  ; cite  ; name  ; refer	verb
alumno ; estudiante	  ***  	student  ; pupil  ; educatee	education
alzar ; elevar ; levantar ; subir ; acosar ; realzar	  ***  	lift  ; raise  ; elevate  ; get up  ; bring up	verb
alzar ; levantar	  ***  	stand  ; stand up	verb
amable ; simpático ; gentil	  ***  	kind	adjective-people
amar ; querer	  ***  	love	verb-basic
amargo	  ***  	bitter	adjective
amarillo	  ***  	yellow  ; yellowish  ; xanthous	color
ambos	  ***  	both	adjective
amigo	  ***  	friend	family
amistoso ; amigable	  ***  	friendly	adjective-people
amo ; dueña ; dueño ; propietario	  ***  	owner  ; possessor	business
amor ; cariño ; cielo ; corazón ; sol ; dulzura ; querida	  ***  	dear  ; beloved  ; dearest  ; honey  ; love	relations
amor ; pasión	  ***  	love	feeling
amplio ; ancho	  ***  	wide  ; broad	adjective
ananá	  ***  	pineapple  ; ananas	fruit
andar ; caminar	  ***  	walk	verb
anillo	  ***  	ring  ; band	clothes
animal ; bestia ; criatura	  ***  	animal  ; animate being  ; beast  ; brute  ; creature  ; fauna	nature
animar  ; estimular	  ***  	encourage	verb
anochecer ; atardecer ; noche	  ***  	evening  ; eve  ; even  ; eventide	time
ansioso	  ***  	impatient	adjective-people
ante todo	  ***  	particularly  ; peculiarly  ; especially  ; specially	adverb
anterior	  ***  	previous  ; old	adjective
antes	  ***  	before  ; earlier	adverb
antiguo ; anterior	  ***  	former  ; erstwhile  ; old  ; onetime  ; one-time  ; quondam  ; sometime	adjective
anunciar ; proclamar	  ***  	announce  ; denote	verb
anuncio ; cartel ; letrero	  ***  	advertisement  ; ad  ; advertizement  ; advertising  ; advertizing  ; advert	business
anuncio ; proclamación	  ***  	announcement  ; proclamation  ; annunciation  ; declaration	communication
apariencia ; aspecto ; estampa ; expresión	  ***  	expression  ; look  ; aspect  ; facial expression  ; face	communication
apartado ; sección	  ***  	section  ; subdivision	business
apartamento ; piso ; departamento	  ***  	flat  ; apartment	city
aplastar	  ***  	crush	verb
aplastar	  ***  	smash  ; nail  ; boom  ; blast	verb
aplastar ; machacar	  ***  	crush  ; squash  ; squelch  ; mash  ; squeeze	verb
apoyar ; respaldar	  ***  	support  ; back up	verb
apoyo ; ayuda	  ***  	support	business
apreciación ; opinión ; parecer ; visión ; dictamen ; conjetura ; informe ; concepto	  ***  	opinion  ; sentiment  ; persuasion  ; view  ; thought	communication
aprender	  ***  	learn  ; larn  ; acquire	verb-basic
apretado	  ***  	tight	adjective
apretar ; empujar	  ***  	push  ; force	verb-basic
apretar ; presionar	  ***  	press	verb
aprobación ; aceptación ; adhesión ; consentimiento ; consenso	  ***  	approval  ; blessing  ; approving	communication
aproximadamente	  ***  	approximately  ; about  ; close to  ; just about  ; some  ; roughly  ; more or less  ; around  ; or so	adverb
aquel	  ***  	that	pronoun
aquí	  ***  	here	adverb
arar  ; binar	  ***  	plow  ; plough  ; turn	verb
arco iris	  ***  	rainbow	weather
arder ; incendiar ; quemar	  ***  	burn  ; fire  ; burn down	verb
arena	  ***  	sand	material
argumento	  ***  	argument  ; statement	communication
armario	  ***  	cupboard  ; closet	furniture
arrastrar ; estirar ; tirar	  ***  	pull  ; draw  ; force	verb-basic
arriesgar ; aventurar	  ***  	risk  ; gamble  ; chance  ; hazard  ; take chances  ; adventure  ; run a risk  ; take a chance	verb
arroz	  ***  	rice	food
arte	  ***  	art  ; fine art	art
artificial ; falso	  ***  	fake  ; false  ; faux  ; imitation  ; simulated	adjective
artista	  ***  	artist  ; creative person	art
asa  ; mango	  ***  	handle  ; grip  ; handgrip  ; hold	object
asaltar ; atacar	  ***  	attack  ; assail  ; assault  ; set on	verb
asalto ; ataque	  ***  	attack  ; onslaught  ; onset  ; onrush	abstract
ascensión ; ascenso ; subida	  ***  	rise  ; rising  ; ascent  ; ascension	abstract
ascensor	  ***  	elevator  ; lift	device
asiento ; banco ; butaca ; escaño ; silla	  ***  	seat	furniture
asiento ; localidad ; plaza	  ***  	seat  ; place	abstract
asistencia ; ayuda	  ***  	help  ; aid  ; assist  ; assistance	business
asociación ; club ; clube ; sociedad ; círculo	  ***  	club  ; social club  ; society  ; guild  ; gild  ; lodge  ; order	society
asombro ; desconcierto ; sorpresa	  ***  	surprise	relations
astuto	  ***  	sharp  ; astute  ; shrewd	adjective-people
asunto	  ***  	subject  ; dependent	adjective-people
asunto ; cosa	  ***  	matter  ; affair  ; thing	abstract
asunto ; objeto ; tema ; premisa	  ***  	subject  ; topic  ; theme	communication
así	  ***  	so	adverb
así	  ***  	therefore  ; hence  ; thence  ; thus  ; so	adverb
atención	  ***  	attention  ; attending	business
atención ; cuidado	  ***  	care  ; attention  ; aid  ; tending	medicine
aterrizar	  ***  	land  ; set down	verb
atroz ; bárbaro ; brutal ; cruel ; salvaje	  ***  	cruel  ; barbarous  ; brutal  ; fell  ; roughshod  ; savage  ; vicious	adjective
auge ; cima ; pico	  ***  	top  ; peak  ; summit  ; acme  ; height  ; elevation  ; pinnacle  ;  superlative  ; meridian  ; tiptop	abstract
aumentar ; incrementar ; crecer	  ***  	increase	verb
aumento ; crecimiento ; incremento ; multiplicación	  ***  	increase  ; increment  ; growth	abstract
aunque	  ***  	however  ; nevertheless  ; withal  ; still  ; yet  ; all the same  ; even so  ; nonetheless  ; notwithstanding	adverb
auto ; automóvil ; coche ; turismo ; carro ; cacharro	  ***  	car  ; auto  ; automobile  ; machine  ; motorcar	transport
autobús ; colectivo ; camión	  ***  	bus  ; autobus  ; coach  ; charabanc  ; double-decker  ; jitney  ; motorbus  ; motorcoach  ; omnibus  ; passenger vehicle	transport
automático	  ***  	automatic	adjective
autor ; escritor	  ***  	writer  ; author	profession
autoridad ; dirigente ; líder	  ***  	leader	society
autoridad ; dominación ; dominio ; poder ; potencia ; autorización	  ***  	authority  ; authorization  ; authorisation  ; potency  ; dominance  ; say-so	business
autoridad ; dominio	  ***  	dominion  ; rule	society
autoridad ; gobierno ; régimen	  ***  	government  ; authorities  ; regime	society
autorizar ; titular	  ***  	title  ; entitle	verb
ave ; pájaro	  ***  	bird	animal
averiguar ; determinar	  ***  	determine  ; check  ; find out  ; see  ; ascertain  ; watch  ; learn	verb
avión	  ***  	plane  ; airplane  ; aeroplane	transport
ayudar ; asistir	  ***  	help  ; assist  ; aid	verb-basic
azote	  ***  	whip	tool
azul	  ***  	blue  ; bluish  ; blueish	color
azúcar	  ***  	sugar  ; refined sugar	food
año	  ***  	year  ; twelvemonth  ; yr	time
bailar ; saltar	  ***  	dance  ; trip the light fantastic  ; trip the light fantastic toe	verb-basic
bajo	  ***  	low	adjective
bajo ; inferior	  ***  	under  ; nether	adjective
balón ; pelota	  ***  	ball	sports
banco	  ***  	bank  ; depository financial institution  ; banking concern  ; banking company	city
banda	  ***  	band  ; dance band  ; dance orchestra	art
bandera	  ***  	flag	object
barato	  ***  	cheap  ; inexpensive	adjective
barba ; barbilla	  ***  	chin  ; mentum	anatomy
barca	  ***  	boat	transport
barco ; buque ; nave	  ***  	ship	transport
base	  ***  	base  ; base of operations	society
bastante	  ***  	enough  ; plenty	adverb
batido	  ***  	milkshake  ; milk shake  ; shake	drink
baño	  ***  	bathroom  ; bath	house
baño ; letrina	  ***  	toilet  ; lavatory  ; lav  ; can  ; john  ; privy  ; bathroom	house
beber ; tomar	  ***  	drink  ; imbibe	verb-basic
bebida	  ***  	drink  ; beverage  ; drinkable  ; potable	drink
bello ; bonito ; hermoso ; precioso ; espléndido	  ***  	beautiful	adjective-basic
beneficiar	  ***  	benefit  ; do good	verb
beneficiarse	  ***  	profit  ; turn a profit	verb
besar	  ***  	kiss  ; snog  ; buss  ; osculate	verb-basic
beso	  ***  	kiss  ; buss  ; osculation	relations
biblioteca	  ***  	library	city
bicicleta	  ***  	bike  ; bicycle  ; wheel  ; cycle	sports
bien	  ***  	well  ; good	adverb
billete	  ***  	banknote  ; bill  ; note  ; government note  ; bank bill  ; banker's bill  ; bank note  ; Federal Reserve note  ; greenback	business
billete ; pasaje	  ***  	ticket	object
biología	  ***  	biology  ; biological science	science
blanco  ; cándido	  ***  	white	color
blando ; muelle	  ***  	soft	adjective-basic
boca	  ***  	mouth  ; oral cavity  ; oral fissure  ; rima oris	anatomy
bocadillo	  ***  	sandwich	food
boda	  ***  	wedding  ; marriage  ; marriage ceremony	family
boda ; boda nupcial ; casamiento ;	  ***  	wedding  ; wedding ceremony  ; nuptials  ; hymeneals	family
bola ; historia ; mentira ; película ; falsedad	  ***  	lie  ; prevarication	communication
bolsa ; bolso	  ***  	bag	container
bolso	  ***  	bag  ; handbag  ; pocketbook  ; purse	clothes
bomba	  ***  	pump	tool
borde ; canto ; margen ; arista ; orilla	  ***  	edge  ; border	mathematics
bosque ; floresta ; jungla	  ***  	forest  ; wood  ; woods	nature
bota	  ***  	boot	clothes
bote ; lata ; frasco	  ***  	can  ; tin  ; tin can	container
botella	  ***  	bottle	container
botón ; tecla	  ***  	button  ; push button  ; push	tool
brazo	  ***  	arm	anatomy
brillante ; vivo	  ***  	bright  ; brilliant  ; vivid	adjective
bruscamente	  ***  	suddenly  ; all of a sudden  ; of a sudden	adverb
buena suerte	  ***  	good luck	conversation
bueno	  ***  	good	adjective-basic
buenos días	  ***  	good day	conversation
bulto ; lío ; paquete	  ***  	package  ; bundle  ; packet  ; parcel	business
bárbaro ; brutal ; genial	  ***  	great  ; bang-up  ; bully  ; corking  ; cracking  ; dandy  ; groovy  ; keen  ; neat  ; nifty  ; not bad  ; peachy  ; slap-up  ; swell  ; smashing	adjective-basic
básico ; basilar	  ***  	basic	adjective-basic
béisbol	  ***  	baseball  ; baseball game	sports
caballo	  ***  	horse  ; Equus caballus	animal
cabeza	  ***  	head  ; caput	anatomy
cabeza ; cerebro ; mente ; ánimo	  ***  	mind  ; head  ; brain  ; psyche  ; nous	abstract
cabo ; final	  ***  	end  ; terminal	time
cabra	  ***  	goat  ; caprine animal	animal
cada	  ***  	each	adjective
cada	  ***  	either	adverb
cada	  ***  	every	adjective
cadena	  ***  	chain	object
caer ; derrumbarse ; desplomarse	  ***  	fall	verb-basic
café	  ***  	coffee  ; java	drink
caja ; cajita	  ***  	box	container
cajón	  ***  	drawer	container
calcetín	  ***  	sock	clothes
calcular ; echar ; estimar	  ***  	estimate  ; gauge  ; approximate  ; guess  ; judge	verb
calentamiento global	  ***  	global warming	environment
calentar	  ***  	warm	verb
calidad ; cualidad	  ***  	quality	abstract
calificación ; nota	  ***  	grade  ; mark  ; score	education
calle ; camino ; avenida ; calzada	  ***  	street	city
cama	  ***  	bed	furniture
cambio	  ***  	change	business
cambio climático	  ***  	climate change  ; global climate change	environment
camino ; curso ; dirección ; trayectoria	  ***  	direction	business
camino ; forma ; manera ; modo	  ***  	means  ; agency  ; way	abstract
camisa	  ***  	shirt	clothes
campana	  ***  	bell	tool
campaña ; llanura	  ***  	plain  ; field  ; champaign	geography
campaña ; movimiento	  ***  	campaign  ; cause  ; crusade  ; drive  ; movement  ; effort	abstract
campeonato	  ***  	championship  ; title	sports
campeonato ; competición ; concurso	  ***  	contest  ; competition	business
campo ; terreno	  ***  	field	nature
canción	  ***  	song  ; vocal	art
cansado	  ***  	tired	adjective-people
cantante	  ***  	singer  ; vocalist  ; vocalizer  ; vocaliser	art
cantar	  ***  	sing	verb-basic
cantidad ; cuantía	  ***  	amount	abstract
capacidad ; ingenio ; poder	  ***  	ability  ; power	abstract
capaz	  ***  	able	adjective-people
capital	  ***  	capital	city
capital	  ***  	capital  ; working capital	business
cara ; faz ; rostro	  ***  	face  ; human face	anatomy
característica ; rasgo	  ***  	feature  ; characteristic	abstract
carbón	  ***  	coal	material
carga	  ***  	charge  ; electric charge	physics
carga ; contribución ; imposición ; impuesto ; tasa ; tributación	  ***  	tax  ; taxation  ; revenue enhancement	business
cargar	  ***  	load  ; charge	verb
cargar ; transportar	  ***  	carry  ; transport	verb
cargo	  ***  	complaint  ; charge	business
carne	  ***  	meat	food
carretera	  ***  	road  ; route	city
carril  ; riel  ; linea	  ***  	track  ; rail  ; rails  ; runway	transport
carta	  ***  	card	object
carta	  ***  	menu  ; bill of fare  ; card  ; carte du jour  ; carte	object
carta ; misiva ; esquela ; epístola	  ***  	letter  ; missive	communication
carácter	  ***  	character  ; grapheme  ; graphic symbol	communication
carácter ; letra	  ***  	letter  ; letter of the alphabet  ; alphabetic character	communication
casa	  ***  	house	house
casa ; firma	  ***  	firm  ; house  ; business firm	business
casa ; hogar ; techo ; familia	  ***  	home  ; place	house
casado	  ***  	married	adjective-people
casarse	  ***  	marry  ; get married  ; wed  ; conjoin  ; hook up with  ; get hitched with  ; espouse	verb
casi  ; aproximadamente	  ***  	almost  ; about  ; most  ; nearly  ; near  ; nigh  ; virtually  ; well-nigh	adverb
caso	  ***  	case  ; instance  ; example	abstract
castellano ; español	  ***  	Spanish	language
castigo	  ***  	punishment  ; penalty  ; penalization  ; penalisation	society
castillo	  ***  	castle	city
catorce	  ***  	fourteen  ; 14  ; xiv	number
causa	  ***  	cause	science
causar ; hacer ; inducir	  ***  	cause  ; induce  ; stimulate  ; have  ; get  ; make	verb
cazar	  ***  	catch  ; grab  ; take hold of	verb
caída	  ***  	fall  ; spill  ; tumble	abstract
cebolla	  ***  	onion  ; onion plant  ; Allium cepa	vegetable
ceder ; dar ; entregar ; pasar ; traspasar	  ***  	pass  ; hand  ; reach  ; pass on  ; turn over  ; give	verb
central	  ***  	central	adjective
centro	  ***  	center  ; centre  ; midpoint	mathematics
centro ; corazón ; esencia ; núcleo ; sustancia	  ***  	center  ; kernel  ; substance  ; core  ; centre  ; essence  ; gist  ; heart  ; heart and soul  ; inwardness  ; marrow  ; meat  ; nub  ; pith  ; sum  ; nitty-gritty	science
cepillo	  ***  	brush	art
cercano	  ***  	near  ; close  ; nigh	adjective-basic
cerebro	  ***  	brain  ; encephalon	anatomy
cereza	  ***  	cherry	fruit
cero ; nada	  ***  	nothing  ; nil  ; nix  ; nada  ; null  ; aught  ; cipher  ; cypher  ; goose egg  ; naught  ; zero  ; zilch  ; zip  ; zippo	number
cerrado	  ***  	closed  ; shut  ; unopen	adjective
cerradura	  ***  	lock	tool
cerrar	  ***  	lock	verb
cerrar ; tapar ; cercar	  ***  	close  ; shut	verb-basic
cerveza	  ***  	beer	drink
cesto ; aro ; cesta	  ***  	basket  ; handbasket	container
chaqueta	  ***  	coat	clothes
chaqueta	  ***  	jacket	clothes
chaval ; chico ; garzón ; joven ; mozo ; muchacho ; niño	  ***  	boy  ; male child	family
chica ; compañera ; novia ; pareja	  ***  	girlfriend  ; girl  ; lady friend	relations
chica ; joven ; señorita	  ***  	girl  ; miss  ; missy  ; young lady  ; young woman  ; fille	family
chino	  ***  	Chinese	language
chocolate	  ***  	chocolate	food
choque	  ***  	shock  ; daze  ; stupor	feeling
choque ; sacudida	  ***  	jolt  ; jar  ; jounce  ; shock	abstract
cielo	  ***  	sky	nature
cien ; ciento ; centenar	  ***  	hundred  ; one hundred  ; 100  ; c	number
ciencia	  ***  	science  ; scientific discipline	science
científico	  ***  	scientist	profession
ciertamente	  ***  	surely  ; certainly  ; sure  ; for sure  ; for certain  ; sure enough  ; sure as shooting	adverb
cinco	  ***  	five  ; 5  ; v	number
cincuenta	  ***  	fifty  ; 50  ; l	number
cine ; biógrafo	  ***  	cinema  ; movie theater  ; movie theatre  ; movie house  ; picture palace	city
ciruela	  ***  	plum	fruit
ciudad ; metrópolis	  ***  	city  ; metropolis  ; urban center	city
civilización ; cultura ; conocimiento ; ilustración	  ***  	culture  ; civilization  ; civilisation	society
claramente ; desnudamente ;claramente ; evidentemente ; obviamente ; ostensiblemente	  ***  	clearly	adverb
claro	  ***  	clear	adjective
claro ; disperso	  ***  	sparse  ; thin	adjective
clase ; curso	  ***  	course  ; class  ; course of study  ; course of instruction	business
clase ; curso ; sección	  ***  	class  ; form  ; grade  ; course	education
clase ; tipo	  ***  	kind  ; sort  ; form  ; variety	abstract
clasificar	  ***  	rate  ; rank  ; range  ; order  ; grade  ; place	verb
clasificar ; separar ; organizar	  ***  	classify  ; class  ; sort  ; assort  ; sort out  ; separate	verb
clavo	  ***  	nail	tool
cliente	  ***  	customer  ; client	business
clínica ; hospital	  ***  	hospital  ; infirmary	city
cochera	  ***  	garage	house
cocina	  ***  	kitchen	house
cocinero	  ***  	cook	kitchen
coger ; comprender ; entender	  ***  	understand	verb-basic
coger ; escoger ; seleccionar ; preferir	  ***  	choose  ; take  ; select  ; pick out	verb
coger ; tomar	  ***  	take  ; get hold of	verb-basic
coincidir ; consentir	  ***  	agree  ; hold  ; concur  ; concord	verb
cola	  ***  	tail	anatomy
cola ; goma ; pegamento	  ***  	glue  ; gum  ; mucilage	material
colegio ; escuela	  ***  	school  ; schoolhouse	city
colina ; monte	  ***  	hill	geography
color	  ***  	color  ; colour  ; coloring material  ; colouring material	art
combate ; lucha	  ***  	fight  ; fighting  ; combat  ; scrap	abstract
combustible fósil	  ***  	fossil fuel	environment
comenzar ; empezar ; iniciar	  ***  	begin  ; start  ; get down  ; get  ; start out  ; set about  ; set out  ; commence	verb-basic
comer	  ***  	eat	verb-basic
comerciar	  ***  	trade  ; merchandise	verb
comercio	  ***  	trade	business
cometido ; faena ; quehacer ; tarea ; trabajo ; empleo	  ***  	job  ; task  ; chore	business
comida	  ***  	meal  ; repast	food
comienzo ; inicio ; principio ; umbral	  ***  	beginning  ; commencement  ; first  ; outset  ; get-go  ; start  ; kickoff  ; starting time  ; showtime  ; offset	time
comisión ; comité ; delegación	  ***  	committee  ; commission	business
comitiva	  ***  	company  ; companionship  ; fellowship  ; society	society
como	  ***  	equally  ; as  ; every bit	adverb
comparar	  ***  	compare	verb
compartir	  ***  	share	verb
compañero ; novio ; pareja	  ***  	boyfriend  ; fellow  ; beau  ; swain  ; young man	relations
compañía	  ***  	company	business
competencia  ; rivalidad	  ***  	competition	business
completar	  ***  	finish  ; complete	verb
completo	  ***  	complete  ; consummate	adjective
componente ; elemento ; factor	  ***  	component  ; constituent  ; element  ; factor  ; ingredient	mathematics
componente ; parte	  ***  	part  ; portion  ; component part  ; component  ; constituent	abstract
comportamiento ; conducta	  ***  	behavior  ; demeanor  ; demeanour  ; behaviour  ; conduct  ; deportment	abstract
comprender ; cubrir	  ***  	embrace  ; encompass  ; comprehend  ; cover	verb
compromiso ; cita	  ***  	date  ; appointment  ; engagement	relations
común	  ***  	common	adjective
común ; corriente ; normal	  ***  	normal	adjective
común ; habitual ; normal ; usual	  ***  	usual	adjective
común ; mutuo ; corriente ; ordinario ; general	  ***  	common  ; mutual	adjective
con	  ***  	with	preposition
con	  ***  	with	preposition
concepción ; invención	  ***  	invention  ; innovation  ; excogitation  ; conception  ; design	art
concierto	  ***  	concert	art
condición ; situación	  ***  	condition  ; status	abstract
conducir ; llevar	  ***  	lead  ; take  ; direct  ; conduct  ; guide	verb
conducir ; manejar	  ***  	drive	verb
conectar ; acoplar ; empalmar ; encadenar ; unir ; asociar ; relacionar ; estar conectado ; hacer conexión ;	  ***  	connect  ; associate  ; tie in  ; relate  ; link  ; colligate  ; link up	verb
conexión	  ***  	connection  ; connexion  ; connectedness	abstract
conexión	  ***  	connection  ; connexion  ; connector  ; connecter  ; connective	abstract
confrontación	  ***  	comparison  ; comparing	science
conjunto	  ***  	set	mathematics
conjunto ; juego	  ***  	set	abstract
conocer ; saber	  ***  	know  ; cognize  ; cognise	verb-basic
conocimiento ; saber	  ***  	knowledge  ; cognition  ; noesis	education
consciente	  ***  	conscious  ; witting	adjective
consecuencia ; efecto ; resultado ; corolario ; secuela ; conclusión	  ***  	consequence  ; effect  ; outcome  ; result  ; event  ; issue  ; upshot	science
consecuencia ; resultado ; fruto	  ***  	result  ; resultant  ; final result  ; outcome  ; termination	mathematics
conseguir ; obtener ; sacar ; tomar	  ***  	get  ; acquire	verb-basic
consejo	  ***  	council	business
conservar ; mantener	  ***  	keep  ; maintain  ; hold	verb
considerar ; creer ; confiar	  ***  	believe	verb
considerar ; ver	  ***  	see  ; consider  ; reckon  ; view  ; regard	verb
consistente ; firme ; sólido ; robusto ; estable	  ***  	firm  ; solid	adjective
constituir ; instaurar ; fundar	  ***  	establish  ; found  ; plant  ; constitute  ; institute	verb
construcción ; estructura	  ***  	structure  ; construction	city
construir ; edificar ; fabricar	  ***  	build  ; construct  ; make	verb
contaminación	  ***  	pollution	environment
contemplar  ; admirar  ; calcular  ; considerar	  ***  	look	verb-basic
contener ; incluir ; integrar	  ***  	contain  ; incorporate  ; comprise	verb
contento ; feliz ; alegre	  ***  	happy	adjective-basic
continuar ; avanzar	  ***  	continue  ; go on  ; proceed  ; go along  ; keep	verb
contra	  ***  	against	preposition
contrario	  ***  	opposite	adjective
contrario	  ***  	opposite  ; reverse  ; contrary	abstract
contrato	  ***  	contract	business
control ; mando ; poder	  ***  	control	science
controlar	  ***  	control  ; command	verb
controlar ; operar	  ***  	operate  ; control	verb
convertirse	  ***  	become  ; go  ; get	verb
copa	  ***  	cup  ; loving cup	sports
copia	  ***  	copy	business
copiar ; recrear	  ***  	copy  ; re-create	verb
corazón	  ***  	heart  ; pump  ; ticker	anatomy
corbata	  ***  	tie  ; necktie	clothes
correo	  ***  	mail  ; mail service  ; postal service  ; post	communication
correr	  ***  	run	verb-basic
corresponder	  ***  	match  ; fit  ; correspond  ; check  ; jibe  ; gibe  ; tally  ; agree	verb
corresponder ; representar	  ***  	represent  ; stand for  ; correspond	verb
corriente	  ***  	usual  ; common	adjective
corriente ; actual	  ***  	current  ; stream	geography
corriente ; aire ; viento ; brisa	  ***  	wind  ; air current  ; current of air	weather
corriente ; curso	  ***  	stream  ; flow  ; current	nature
cortar	  ***  	cut	verb-basic
cortar ; recortar	  ***  	reduce  ; cut down  ; cut back  ; trim  ; trim down  ; trim back  ; cut  ; bring down	verb
corte ; tajo	  ***  	cut  ; cutting	abstract
cortijo ; estancia ; hacienda ; masía ; granja	  ***  	farm	nature
cortina	  ***  	curtain  ; drape  ; drapery  ; mantle  ; pall	furniture
corto ; breve	  ***  	short	adjective
cosa	  ***  	thing	abstract
coser	  ***  	sew  ; run up  ; sew together  ; stitch	verb
coste ; costo	  ***  	cost	business
coste ; precio	  ***  	price  ; cost  ; toll	business
crecer ; progresar	  ***  	grow	verb
criado	  ***  	servant  ; retainer	profession
criar ; asistir	  ***  	raise  ; rear  ; bring up  ; nurture  ; parent	verb
criatura	  ***  	baby  ; babe  ; infant	family
crimen ; delito	  ***  	crime  ; offense  ; criminal offense  ; criminal offence  ; offence  ; law-breaking	society
criterio ; estándar ; patrón ; pauta ; regla	  ***  	standard  ; criterion  ; measure  ; touchstone	communication
cuadrado	  ***  	square  ; foursquare	mathematics
cuadrado	  ***  	square  ; second power	mathematics
cuadrado ; cuadro	  ***  	square	adjective
cuadro ; pintura	  ***  	painting  ; picture	art
cualquier	  ***  	any  ; whatever  ; whatsoever	adjective
cualquiera	  ***  	anyone	pronoun
cuando	  ***  	when	pronoun
cuando quiera	  ***  	whenever	conjunction
cuarenta	  ***  	forty  ; 40  ; xl  ; twoscore	number
cuarto ; habitación	  ***  	room	house
cuatro	  ***  	four  ; 4  ; iv	number
cuchara	  ***  	spoon	kitchen
cuchillo	  ***  	knife	kitchen
cuello	  ***  	collar  ; neckband	clothes
cuello	  ***  	neck  ; cervix	anatomy
cuenta	  ***  	account  ; business relationship	business
cuerda	  ***  	rope	object
cuero ; piel	  ***  	leather	material
cuidar ; tratar	  ***  	treat  ; care for	verb
cumpleaños	  ***  	birthday	family
curva	  ***  	curve  ; bend	transport
curva ; arco	  ***  	curve  ; curved shape	mathematics
cuyo	  ***  	whose	pronoun
cuál	  ***  	which	pronoun
cuál	  ***  	which	pronoun
cálido	  ***  	warm	adjective
cámara	  ***  	camera  ; photographic camera	device
cámara	  ***  	television camera  ; tv camera  ; camera	device
célula ; cámara	  ***  	cell	anatomy
círculo	  ***  	circle	mathematics
cómo se llama usted	  ***  	what is your name	conversation
damasco	  ***  	apricot	fruit
dar	  ***  	give	verb-basic
datos	  ***  	data  ; information	communication
daño ; perjuicio ; siniestro ; deterioro	  ***  	damage  ; harm  ; impairment	abstract
de	  ***  	from	preposition
de	  ***  	from	preposition
de	  ***  	of	preposition
de color ; en colores ; colores	  ***  	color  ; colour	adjective
de nada	  ***  	you're welcome	conversation
debate ; discusión	  ***  	discussion  ; give-and-take  ; word	communication
debatir ; discutir	  ***  	argue  ; contend  ; debate  ; fence	verb
deber	  ***  	duty	abstract
decidir ; determinar	  ***  	decide  ; make up one's mind  ; determine	verb
decimoquinto	  ***  	fifteen  ; 15  ; xv	number
decir ; hablar ; conversar	  ***  	talk  ; speak  ; utter  ; mouth  ; verbalize  ; verbalise	verb-basic
decir ; manifestar	  ***  	say  ; tell  ; state	verb-basic
decisión ; determinación ; resolución ; resultado	  ***  	decision  ; determination  ; conclusion	communication
declarar ; manifestar ; revelar ; descubrir ; denunciar	  ***  	reveal  ; unwrap  ; disclose  ; let on  ; bring out  ; discover  ; expose  ; divulge  ; break  ; give away  ; let out	verb
dedo	  ***  	finger	anatomy
dedo de pie	  ***  	toe	anatomy
defensa ; guardia	  ***  	defense  ; defence  ; defense force  ; defence force	abstract
dejar  ; consentir  ; autorizar	  ***  	let	verb
dejar ; permitir	  ***  	allow  ; let  ; permit	verb
delantera	  ***  	front  ; front end  ; forepart	abstract
delantero	  ***  	front	adjective
delgado	  ***  	thin	adjective
delicado	  ***  	delicate	adjective
delicado ; frágil	  ***  	fragile  ; delicate  ; frail	adjective
demanda ; pregunta ; búsqueda	  ***  	question  ; inquiry  ; enquiry  ; query  ; interrogation	communication
democracia ; república	  ***  	democracy  ; republic  ; commonwealth	society
departamento	  ***  	department  ; section	business
derecho	  ***  	right	adjective-basic
derecho	  ***  	right	business
desagradable ; horrible	  ***  	ugly	adjective
desagradar ; caer mal ; desfavorecer ; disgustar ; displacer ; malquerer ; mirar con mala cara ; no gustar de ; odiar ; repugnar ; tener antipatía a ; tener aversión a ; tener tema a	  ***  	dislike	verb
desaparición ; muerte ; tránsito	  ***  	death  ; decease  ; expiry	abstract
desarrollar	  ***  	develop	verb
desarrollo ; evolución	  ***  	evolution  ; development	nature
descansar	  ***  	rest  ; ease  ; repose  ; relaxation	abstract
descanso ; pausa ; respiro	  ***  	break  ; respite  ; recess  ; time out	abstract
desconectado ; desenchufado ; apagado	  ***  	off	adjective
describir ; explicar ; detallar	  ***  	describe  ; depict  ; draw	verb
descubrimiento ; hallazgo	  ***  	discovery  ; find  ; uncovering	science
descubrir	  ***  	discover  ; find	verb
descubrir ; detectar ; encontrar ; observar ; revelar ; localizar	  ***  	find  ; detect  ; observe  ; discover  ; notice	verb
desde	  ***  	since	preposition
desear	  ***  	wish	verb
desear ; querer	  ***  	desire  ; want	verb
deseo  ; anhelo	  ***  	wish  ; wishing  ; want	abstract
desgaste	  ***  	wear	abstract
desistir	  ***  	give up  ; surrender	verb
despedida	  ***  	leave  ; leave of absence	business
desperdicios	  ***  	waste  ; waste material  ; waste matter  ; waste product	environment
despierto	  ***  	awake	adjective-people
desplazar ; mover	  ***  	move  ; displace	verb-basic
después	  ***  	later  ; after  ; subsequently  ; afterwards  ; afterward  ; later on	adverb
destino ; lugar	  ***  	finish  ; goal  ; destination	sports
destreza	  ***  	skill  ; science	business
destrucción	  ***  	destruction  ; devastation	abstract
detener	  ***  	stop  ; halt	verb
determinado	  ***  	set  ; laid	adjective
detestar ; odiar ; aborrecer ; rechazar	  ***  	hate  ; detest	verb
detrás	  ***  	behind	adverb
devolver ; entregar	  ***  	render  ; return	verb
diario ; periódico ; gaceta ; rotativo	  ***  	newspaper  ; paper	communication
dibujar ; trazar ; delinear	  ***  	trace  ; draw  ; line  ; describe  ; delineate	verb-basic
diccionario ; léxico ; índice ; glosario	  ***  	dictionary  ; lexicon	communication
diciembre	  ***  	December  ; Dec	time
diecinueve	  ***  	nineteen  ; 19  ; xix	number
dieciocho	  ***  	eighteen  ; 18  ; xviii	number
diecisiete	  ***  	seventeen  ; 17  ; xvii	number
dieciséis	  ***  	sixteen  ; 16  ; xvi	number
diente	  ***  	tooth	anatomy
dietético	  ***  	light  ; lite  ; low-cal  ; calorie-free	adjective
diez	  ***  	ten  ; 10  ; x	number
diferencia ; desigualdad ; divergencia ; desemejanza	  ***  	difference	mathematics
diferente	  ***  	different	adjective
diferente ; distinto	  ***  	another  ; some other	adjective-basic
diferente ; distinto	  ***  	different	adjective
diferente ; distinto	  ***  	different  ; unlike  ; dissimilar	adjective
dificultad ; obstáculo ; problema	  ***  	difficulty	business
dificultad ; problema	  ***  	problem  ; job	business
difícil ; duro ; espinoso	  ***  	difficult  ; hard	adjective-basic
diminuto	  ***  	minute  ; infinitesimal	adjective
dinero ; plata ; pelas ; pasta ; suelto	  ***  	money	business
dirección	  ***  	management  ; direction	business
dirección ; ubicación	  ***  	address	house
directamente	  ***  	directly  ; straight  ; direct	adverb
director	  ***  	director  ; manager  ; managing director	business
discurrir ; pensar	  ***  	think  ; cogitate  ; cerebrate	verb
discusión ; disputa ; pelea	  ***  	argument  ; controversy  ; contention  ; contestation  ; disputation  ; disceptation  ; tilt  ; arguing	communication
discutir	  ***  	discuss  ; hash out  ; talk over	verb
discúlpame	  ***  	sorry	conversation
diseñar	  ***  	design  ; plan	verb
diseño	  ***  	design  ; designing	art
disfrutar ; gustar	  ***  	enjoy  ; bask  ; relish  ; savor  ; savour	verb
disparar	  ***  	fire  ; open fire	verb-basic
disponer ; preparar ; coordinar ; organizar ; aprestar	  ***  	prepare  ; fix  ; set up  ; ready  ; gear up  ; set	verb
disponible	  ***  	available	adjective
distancia	  ***  	distance	mathematics
distante ; lejano ; remoto	  ***  	far	adjective
diversidad ; diferencia	  ***  	diversity  ; diverseness  ; multifariousness  ; variety	art
diversión  ; distracción  ; divertimiento	  ***  	entertainment  ; amusement	art
diverso ; vario	  ***  	various  ; diverse	adjective
dividir ; partir ; repartir ; separar	  ***  	divide  ; split  ; split up  ; separate  ; dissever  ; carve up	verb
división ; parte ; sección	  ***  	part  ; section  ; division	business
división ; partición	  ***  	division  ; partition  ; partitioning  ; segmentation  ; sectionalization  ; sectionalisation	mathematics
doctor ; médico	  ***  	doctor  ; doc  ; physician  ; MD  ; Dr.  ; medico	medicine
dolor	  ***  	pain  ; hurting	medicine
dominación ; dominio ; sometimiento ; sumisión	  ***  	dominance  ; ascendance  ; ascendence  ; ascendancy  ; ascendency  ; control	abstract
domingo	  ***  	Sunday  ; Lord's Day  ; Dominicus  ; Sun	time
dos	  ***  	two  ; 2  ; ii	number
ducha	  ***  	shower	house
duda ; incertidumbre ; inseguridad ; irresolución	  ***  	doubt  ; uncertainty  ; incertitude  ; dubiety  ; doubtfulness  ; dubiousness	communication
dudar	  ***  	doubt	verb
dulce ; pastel	  ***  	sweet	adjective
dulzura	  ***  	sweet  ; sweetness  ; sugariness	food
durante	  ***  	during	preposition
durar	  ***  	survive  ; last  ; live  ; live on  ; go  ; endure  ; hold up  ; hold out	verb
durar ; existir ; vivir	  ***  	be  ; live	verb
débil	  ***  	weak	adjective-basic
día	  ***  	day  ; twenty-four hours  ; twenty-four hour period  ; 24-hour interval  ; solar day  ; mean solar day	time
echar ; enviar ; mandar ; remitir	  ***  	send  ; mail  ; post	verb
ecología	  ***  	ecology  ; bionomics  ; environmental science	environment
economía	  ***  	economy  ; economic system	business
económico	  ***  	economic	adjective
económico	  ***  	economic  ; economical	adjective
edad	  ***  	age	time
edificio	  ***  	building  ; edifice	city
educación	  ***  	education	education
educación ; enseñanza	  ***  	education  ; instruction  ; teaching  ; pedagogy  ; didactics  ; educational activity	education
educación ; formación ; instrucción	  ***  	education	education
efecto invernadero	  ***  	greenhouse effect  ; greenhouse warming	environment
ejemplar ; libro ; volumen	  ***  	book  ; volume	communication
ejemplo	  ***  	example  ; illustration  ; instance  ; representative	science
ejercer	  ***  	do  ; practice  ; practise  ; exercise	verb-basic
ejercer	  ***  	serve	verb
ejército ; tropa	  ***  	army  ; regular army  ; ground forces	society
el	  ***  	the	article
elección	  ***  	election	society
elección ; selección ; decisión	  ***  	choice  ; selection  ; option  ; pick	abstract
elefante	  ***  	elephant	animal
elegante	  ***  	stylish  ; fashionable	adjective
elemental ; simple	  ***  	simple  ; elementary  ; uncomplicated  ; unproblematic	adjective
elemento	  ***  	chemical element  ; element	material
elemento	  ***  	detail  ; particular  ; item	abstract
ella	  ***  	she	pronoun
ellos	  ***  	they	pronoun
eléctrico	  ***  	electric  ; electrical	adjective
embaucar	  ***  	trick  ; flim-flam  ; play a joke on  ; play tricks  ; fob  ; fox  ; pull a fast one on  ; play a trick on	verb
empleado	  ***  	used  ; secondhand	adjective
emplear ; usar ; utilizar	  ***  	use  ; utilize  ; utilise  ; apply  ; employ	verb-basic
empleo ; uso ; utilización	  ***  	use  ; usage  ; utilization  ; utilisation  ; employment  ; exercise	abstract
empresario ; comerciante	  ***  	businessman  ; man of affairs	profession
en	  ***  	in  ; inwards  ; inward	adverb
en	  ***  	into	preposition
en funcionamiento ; en operación ; conectado ; enchufado ; encendido	  ***  	on	adjective
en lugar de eso ; en cambio ; en vez ; más bien	  ***  	instead  ; alternatively  ; or else	adverb
en medio de	  ***  	among  ; amongst  ; amid  ; amidst	preposition
encargar	  ***  	order  ; tell  ; enjoin  ; say	verb
encima de	  ***  	above  ; higher up  ; in a higher place  ; to a higher place	adverb
encontrar	  ***  	meet  ; run into  ; encounter  ; run across  ; come across  ; see	verb-basic
encontrar ; recuperar	  ***  	find  ; regain	verb-basic
encuentro ; reunión	  ***  	meeting  ; coming together	business
energía	  ***  	energy  ; free energy	physics
energía	  ***  	power  ; powerfulness	abstract
enero	  ***  	January  ; Jan	time
enfermera	  ***  	nurse	medicine
enfermo	  ***  	ill  ; sick	adjective-people
ensalada	  ***  	salad	food
ensayar ; examinar ; probar	  ***  	test  ; prove  ; try  ; try out  ; examine  ; essay	verb
enseñar	  ***  	train  ; develop  ; prepare  ; educate	verb
enseñar ; instruir	  ***  	teach  ; learn  ; instruct	verb
entero	  ***  	whole	adjective
entonces	  ***  	then  ; so  ; and so  ; and then	adverb
entorno	  ***  	environment  ; environs  ; surroundings  ; surround	environment
entorno ; medio ; ambiente	  ***  	environment	business
entrada ; recibidor ; vestíbulo	  ***  	hall  ; anteroom  ; antechamber  ; entrance hall  ; foyer  ; lobby  ; vestibule	house
entrar ; penetrar	  ***  	enter  ; come in  ; get into  ; get in  ; go into  ; go in  ; move into	verb
entre	  ***  	between  ; betwixt	adverb
entregar ; librar	  ***  	deliver	verb
entrevista	  ***  	interview	communication
envenenar	  ***  	poison	verb
equilibrio	  ***  	balance	physics
equipo ; personal	  ***  	team  ; squad	business
error ; fallo ; falta ; equivocación	  ***  	mistake  ; error  ; fault	communication
esas	  ***  	those	pronoun
escalón	  ***  	step  ; stair	house
escarcha	  ***  	frost  ; hoar  ; hoarfrost  ; rime	weather
escenario	  ***  	stage	art
esconder ; ocultar ; tapar	  ***  	hide  ; conceal	verb
escribir	  ***  	write	verb-basic
escritura	  ***  	writing	communication
escuchar ; sentir	  ***  	listen  ; hear  ; take heed	verb-basic
eso	  ***  	it	pronoun
espacio	  ***  	space  ; infinite	geography
espalda	  ***  	back	abstract
espalda ; dorso	  ***  	back  ; dorsum	anatomy
especial ; excepcional ; particular ; singular	  ***  	special  ; especial  ; exceptional  ; particular	adjective
espectáculo ; muestra	  ***  	show	business
específico	  ***  	specific	adjective
espejo	  ***  	mirror	physics
esperanza	  ***  	promise  ; hope	feeling
esperar	  ***  	hope	verb-basic
esperar	  ***  	wait  ; hold off  ; hold back	verb-basic
espeso	  ***  	thick	adjective
esposa	  ***  	wife  ; married woman	family
esposo ; hombre ; marido	  ***  	husband  ; hubby  ; married man	family
esta	  ***  	this	pronoun
esta noche	  ***  	tonight  ; this evening  ; this night	adverb
establecimiento ; almacén ; tienda	  ***  	shop  ; store	business
estación	  ***  	station	city
estadio ; etapa ; fase	  ***  	phase  ; stage	science
estado	  ***  	state	abstract
estado	  ***  	state	society
estado ; nación ; país ; tierra	  ***  	country  ; state  ; land	society
estallido ; ruptura	  ***  	outburst  ; burst  ; flare-up	abstract
estante	  ***  	shelf	furniture
este ; oriente ; levante	  ***  	east  ; due east  ; eastward  ; E	geography
estilo	  ***  	style	art
estilo ; forma ; método ; sistema ; procedimiento	  ***  	manner  ; mode  ; style  ; way  ; fashion	art
estilo ; tendencia	  ***  	vogue  ; trend  ; style	art
estorbar ; impedir	  ***  	prevent  ; forestall  ; foreclose  ; preclude  ; forbid	verb
estos	  ***  	these	pronoun
estrecho	  ***  	narrow	adjective
estrella ; astro	  ***  	star	geography
estructura	  ***  	structure	business
estrujamiento	  ***  	crush  ; crunch  ; compaction	abstract
estudiar	  ***  	study	verb
estudio ; informe ; memoria	  ***  	report  ; study  ; written report	abstract
estudio ; investigación	  ***  	research  ; inquiry  ; enquiry	science
estándar	  ***  	standard	adjective
estómago	  ***  	stomach  ; tummy  ; tum  ; breadbasket	anatomy
estúpido ; imbécil ; tonto	  ***  	stupid	adjective-people
evento ; suceso ; episodio ; hecho	  ***  	event	science
evidencia	  ***  	evidence	science
evidencia ; hecho	  ***  	fact	science
evitar ; excusar ; prevenir	  ***  	avoid	verb
exactamente	  ***  	exactly  ; precisely  ; just	adverb
examen ; test	  ***  	examination  ; exam  ; test	education
excelente ; magnífico	  ***  	excellent  ; first-class  ; fantabulous  ; splendid	adjective
excepcional ; extraordinario ; insólito	  ***  	unusual	adjective
exhibir ; mostrar ; indicar	  ***  	show  ; demo  ; exhibit  ; present  ; demonstrate	verb
existencia ; vida	  ***  	life	family
existencia ; vida	  ***  	life	nature
existencia ; vida ; vivencia ; presencia	  ***  	existence  ; being  ; beingness	society
existente ; real	  ***  	real  ; existent	adjective-basic
existir ; haber ; ser	  ***  	exist  ; be	verb
exitoso ; afortunado	  ***  	successful	adjective-people
experiencia	  ***  	experience	communication
experiencia ; destreza ; dedicación	  ***  	experience	business
experto	  ***  	expert	profession
expirar  ; fallecer  ; sucumbir	  ***  	die  ; decease  ; perish  ; go  ; exit  ; pass away  ; expire  ; pass  ; kick the bucket  ; cash in one's chips  ; buy the farm  ; conk  ; give-up the ghost  ; drop dead  ; pop off  ; choke  ; croak  ; snuff it	verb
explicar ; contar ; desarrollar ; comentar	  ***  	explain  ; explicate	verb
expresar ; indicar	  ***  	express  ; state	verb
expreso	  ***  	express  ; limited	transport
extenso ; largo	  ***  	long	adjective-basic
exterior	  ***  	outside  ; exterior	mathematics
extranjero ; extraño ; forastero	  ***  	foreign  ; strange	adjective
facilitar ; proporcionar ; suministrar ; proveer	  ***  	supply  ; provide  ; render  ; furnish	verb
factura ; recibo ; cuenta	  ***  	invoice  ; bill  ; account	business
falda ; pollera	  ***  	skirt	clothes
fallar	  ***  	miss	verb
falso	  ***  	false	adjective
familia	  ***  	family  ; family unit	family
fe ; religión ; seguridad	  ***  	religion  ; faith  ; religious belief	society
febrero	  ***  	February  ; Feb	time
fecha	  ***  	date  ; day of the month	time
femenino	  ***  	female	adjective-people
ferrocarril ; tren	  ***  	train  ; railroad train	transport
fiesta	  ***  	party	relations
figura	  ***  	shape  ; form  ; cast	art
fijo	  ***  	fixed	adjective
fin de semana	  ***  	weekend	time
final ; último	  ***  	final  ; last  ; concluding  ; terminal	adjective
fiscal ; financiero	  ***  	financial  ; fiscal	adjective
flor	  ***  	flower	nature
flora ; planta	  ***  	plant  ; flora  ; plant life	nature
formación ; preparación ; capacitación ; entrenamiento	  ***  	training  ; preparation  ; grooming	education
formulario	  ***  	form	business
foto ; fotografía ; imagen	  ***  	picture  ; image  ; icon  ; ikon	art
fotógrafo	  ***  	photographer  ; lensman	profession
frambuesa	  ***  	raspberry	fruit
francés  ; francés	  ***  	French	language
frecuentemente	  ***  	often  ; frequently  ; oftentimes  ; oft  ; ofttimes	adverb
fregadero ; pila	  ***  	sink	furniture
frente	  ***  	forehead  ; brow	anatomy
fresa	  ***  	strawberry	fruit
fresco ; helado ; refrescante	  ***  	fresh	adjective
fruto	  ***  	fruit	food
frío ; helado	  ***  	cold	adjective-basic
fuego ; llama ; incendio	  ***  	fire  ; flame  ; flaming	nature
fuente	  ***  	spring  ; fountain  ; outflow  ; outpouring  ; natural spring	nature
fuera	  ***  	outside	adverb
fuerte	  ***  	loud	adjective
fuerte	  ***  	strong	adjective-basic
fuerza	  ***  	strength  ; force  ; forcefulness	physics
fumar	  ***  	smoke	verb
funcionamiento	  ***  	operation  ; functioning  ; performance	abstract
funcionar	  ***  	behave  ; acquit  ; bear  ; deport  ; conduct  ; comport  ; carry	verb
funcionario	  ***  	officer  ; officeholder	business
función ; oficio ; papel	  ***  	function  ; office  ; part  ; role	mathematics
función ; propósito	  ***  	purpose  ; function  ; role  ; use	mathematics
futuro	  ***  	future	adjective
futuro ; porvenir	  ***  	future  ; hereafter  ; futurity  ; time to come	time
fábrica ; planta ; taller ; manufactura ; industria ; construcción	  ***  	factory  ; mill  ; manufacturing plant  ; manufactory	city
fácil	  ***  	easy	adjective
físico	  ***  	physical	adjective
fósforo	  ***  	match  ; lucifer  ; friction match	tool
fútbol	  ***  	football  ; football game	sports
ganancia  ; utilidades	  ***  	profit  ; net income  ; net  ; net profit  ; lucre  ; profits  ; earnings	business
ganar ; triunfar ; vencer	  ***  	win	verb
gancho  ; garfio  ; horquilla	  ***  	hook  ; claw	tool
garganta	  ***  	throat  ; pharynx	anatomy
gato	  ***  	cat  ; true cat	animal
gen	  ***  	gene  ; cistron  ; factor	anatomy
general	  ***  	general	adjective
general	  ***  	general  ; full general	profession
generalmente	  ***  	mostly  ; by and large  ; generally  ; more often than not	adverb
gente	  ***  	people	society
girar ; rotar	  ***  	turn	verb
globo ; mundo ; tierra	  ***  	Earth  ; earth  ; world  ; globe	geography
glutinoso	  ***  	sticky  ; gluey  ; glutinous  ; gummy  ; mucilaginous  ; pasty  ; viscid  ; viscous	adjective
gobernar ; regir	  ***  	rule  ; govern	verb
gol	  ***  	goal	sports
golf	  ***  	golf  ; golf game	sports
golpe	  ***  	hit  ; hitting  ; striking	abstract
golpe ; impacto	  ***  	blow	abstract
gordo	  ***  	fat	adjective
gordo	  ***  	fat  ; fatty	adjective
gota	  ***  	drop  ; drib  ; driblet	abstract
grabar ; registrar	  ***  	record  ; tape	verb
grado	  ***  	degree	mathematics
grado ; nivel	  ***  	degree  ; grade  ; level	mathematics
gran ; grande ; voluminoso	  ***  	big  ; large	adjective-basic
grande ; vasto	  ***  	great	adjective-basic
grano	  ***  	grain	material
grasa	  ***  	fat	material
gratuito	  ***  	free  ; complimentary  ; costless  ; gratis  ; gratuitous	adjective
grieta	  ***  	crack  ; cleft  ; crevice  ; fissure  ; scissure	abstract
gris	  ***  	gray  ; grey  ; greyish  ; grayish	color
gris ; aburridor	  ***  	boring  ; deadening  ; dull  ; ho-hum  ; irksome  ; slow  ; tedious  ; tiresome  ; wearisome	adjective
gritar ; llamar	  ***  	shout  ; shout out  ; cry  ; call  ; yell  ; scream  ; holler  ; hollo  ; squall	verb
grito ; protesta ; alarido	  ***  	cry  ; outcry  ; call  ; yell  ; shout  ; vociferation	communication
guardia ; policía	  ***  	police  ; police force  ; constabulary  ; law	society
guerra	  ***  	war  ; state of war	society
gusto	  ***  	taste  ; gustation  ; sense of taste  ; gustatory modality	abstract
h ; hora	  ***  	hour  ; hr  ; 60 minutes	time
habitual	  ***  	frequent	adjective
habla ; lenguaje ; decir	  ***  	speech  ; speech communication  ; spoken communication  ; spoken language  ; language  ; voice communication  ; oral communication	communication
hablas inglés	  ***  	do you speak English	conversation
hace	  ***  	ago  ; agone	adjective
hallazgo	  ***  	discovery  ; breakthrough  ; find	science
hambriento	  ***  	hungry	adjective-people
hasta	  ***  	until	conjunction
hembra	  ***  	female  ; female person	society
herir ; torturar	  ***  	injure  ; wound	verb
hermana	  ***  	sister  ; sis	family
hermano ; colega	  ***  	brother  ; blood brother	family
hielo	  ***  	ice  ; water ice	material
hierba	  ***  	grass	nature
hierro	  ***  	iron  ; Fe  ; atomic number 26	material
hija	  ***  	daughter  ; girl	family
hija ; hijo	  ***  	child  ; kid	family
hijo	  ***  	son  ; boy	family
hindi	  ***  	Hindi	language
historia	  ***  	history	society
hoja	  ***  	leaf  ; leafage  ; foliage	nature
hoja ; cuchilla	  ***  	blade	object
hola	  ***  	hello  ; hullo  ; hi  ; howdy  ; how-do-you-do	conversation
hombre	  ***  	human  ; homo  ; man  ; human being	family
hombre ; varón ; macho	  ***  	man  ; adult male	family
honor ; laurel ; premio ; reconocimiento	  ***  	award  ; accolade  ; honor  ; honour  ; laurels	sports
honrar ; venerar ; admirar	  ***  	respect  ; honor  ; honour  ; abide by  ; observe	verb
hormiga	  ***  	ant  ; emmet  ; pismire	animal
horno	  ***  	oven	device
hotel	  ***  	hotel	city
hoy	  ***  	today	adverb
hoy	  ***  	today	time
hueso	  ***  	bone  ; os	anatomy
huevo ; óvulo	  ***  	egg	food
humano	  ***  	human	adjective-people
humedad	  ***  	moisture  ; wet	nature
humo	  ***  	steam	physics
humorismo	  ***  	humor  ; humour  ; sense of humor  ; sense of humour	communication
huésped ; invitado	  ***  	guest  ; invitee	relations
hábil	  ***  	skilful  ; adept  ; expert  ; good  ; practiced  ; proficient  ; skillful	adjective-people
húmedo	  ***  	wet	adjective
idea ; pensamiento ; intención ; concepción ; imagen	  ***  	idea  ; thought	communication
identificar	  ***  	identify  ; place	verb
iglesia	  ***  	church  ; church building	city
iglesia	  ***  	religion  ; faith  ; organized religion	society
igual	  ***  	equal	adjective
igualar	  ***  	flush  ; level  ; even out  ; even	verb
imagen	  ***  	image	art
implicar ; suponer	  ***  	imply  ; involve	verb
importante	  ***  	important  ; significant	adjective-basic
importar ; concernirse ; interesarse ; ser compasivo	  ***  	care	verb
imprimir ; moldear ; sellar	  ***  	print  ; impress	verb
incluir	  ***  	include	verb
incluso	  ***  	even	adverb
incorrecto ; erróneo	  ***  	wrong  ; incorrect	adjective-basic
incremento ; aumento ; alza	  ***  	increase  ; increment	abstract
individual ; particular ; personal	  ***  	personal	adjective
individuo	  ***  	individual	society
industria	  ***  	industry  ; manufacture	business
industrial	  ***  	industrial	adjective
información	  ***  	information  ; info	communication
informar ; relatar	  ***  	report	verb
inglés	  ***  	English  ; English language	language
ingreso ; ingresos	  ***  	income	business
inmediatamente	  ***  	immediately  ; instantly  ; straightaway  ; straight off  ; directly  ; now  ; right away  ; at once  ; forthwith  ; like a shot	adverb
inmediato	  ***  	next  ; adjacent  ; side by side	adjective
insecto	  ***  	insect	animal
insignificante ; pequeño ; trivial	  ***  	little  ; fiddling  ; footling  ; lilliputian  ; niggling  ; piddling  ; piffling  ; petty  ; picayune  ; trivial	adjective-basic
instancia ; petición ; solicitud	  ***  	request  ; asking	communication
instante ; minuto ; momento ; segundo	  ***  	moment  ; mo  ; minute  ; second  ; bit	time
instante ; minuto ; momento ; segundo	  ***  	while  ; piece  ; spell  ; patch	time
instante ; momento	  ***  	moment  ; minute  ; second  ; instant	time
institución ; instituto	  ***  	institution  ; establishment	society
instrumento	  ***  	instrument	device
insólito	  ***  	strange  ; unusual	adjective
inteligente ; astuto ; agudo	  ***  	intelligent	adjective-people
intentar ; pretender	  ***  	try  ; seek  ; attempt  ; essay  ; assay	verb
intento ; tentativa ; prueba ; ensayo ; experimento	  ***  	attempt  ; effort  ; endeavor  ; endeavour  ; try	abstract
interesante	  ***  	interesting	adjective
internacional	  ***  	international	adjective
internet	  ***  	internet  ; net  ; cyberspace	abstract
intervención ; operación	  ***  	operation  ; surgery  ; surgical operation  ; surgical procedure  ; surgical process	medicine
interés	  ***  	interest	business
interés	  ***  	interest  ; involvement	communication
introducir	  ***  	introduce  ; innovate	verb
investigación	  ***  	research	science
invierno	  ***  	winter  ; wintertime	time
ir	  ***  	travel  ; go  ; move  ; locomote	verb
isla	  ***  	island	geography
italiano	  ***  	Italian	language
izquierdo	  ***  	left	adjective-basic
jabón	  ***  	soap	material
japonés	  ***  	Japanese	language
jardín	  ***  	garden	house
joven	  ***  	young  ; immature	adjective-people
joya	  ***  	jewel  ; gem  ; precious stone	clothes
juego	  ***  	game	sports
jueves	  ***  	Thursday  ; Th	time
juez ; magistrado	  ***  	judge  ; justice  ; jurist	profession
jugador	  ***  	player  ; participant	sports
jugar ; tocar	  ***  	play	verb-basic
julio	  ***  	July	time
junio	  ***  	June	time
juntos	  ***  	together	adverb
justo ; recto	  ***  	good  ; just  ; upright	adjective
justo ; recto	  ***  	just	adjective-people
juzgado ; tribunal	  ***  	court  ; tribunal  ; judicature	society
labio	  ***  	lip	anatomy
lado	  ***  	side	mathematics
ladrillo	  ***  	brick	house
lago	  ***  	lake	geography
lamentable ; penoso ; triste	  ***  	sad  ; deplorable  ; distressing  ; lamentable  ; pitiful  ; sorry	adjective
lana	  ***  	wool	material
lanzamiento	  ***  	throw	sports
lanzar ; echar ; tirar ; arrojar	  ***  	throw	verb
lavar	  ***  	wash  ; launder	verb
lazo ; nudo	  ***  	knot	abstract
leche	  ***  	milk	drink
leer	  ***  	read	verb-basic
legal ; oficial	  ***  	legal	adjective
lengua	  ***  	language  ; natural language  ; tongue	communication
lengua	  ***  	tongue  ; lingua  ; glossa  ; clapper	anatomy
lenguaje	  ***  	language  ; linguistic communication	communication
lentamente	  ***  	slowly  ; slow  ; easy  ; tardily	adverb
lento	  ***  	slow	adjective-basic
ley ; derecho	  ***  	law	business
león	  ***  	lion  ; king of beasts  ; Panthera leo	animal
liberar ; eximir ; franquear ; exonerar ; perdonar	  ***  	free  ; liberate  ; release  ; unloose  ; unloosen  ; loose	verb
libre ; independiente	  ***  	free	adjective-people
ligero ; ágil ; leve	  ***  	light	adjective-basic
limitar	  ***  	limit  ; restrict  ; restrain  ; trammel  ; bound  ; confine  ; throttle	verb
limpiar ; pulir	  ***  	clean  ; make clean	verb
limpio ; nítido ; pobre	  ***  	clean	adjective-basic
limón	  ***  	lemon	fruit
liso ; llano ; plano	  ***  	flat  ; level  ; plane	adjective
liso ; llano ; suave	  ***  	smooth	adjective
lista ; repertorio	  ***  	list  ; listing	abstract
listo	  ***  	ready	adjective
llamada	  ***  	call  ; phone call  ; telephone call	communication
llamar	  ***  	name  ; call	verb
llamar ; telefonear	  ***  	call  ; telephone  ; call up  ; phone  ; ring	verb
llave	  ***  	key	tool
llegar  ; arribar	  ***  	arrive  ; make it  ; get in  ; go far	verb
llegar ; venir	  ***  	come  ; come up	verb-basic
llenar ; abarrotar	  ***  	fill  ; fill up  ; make full	verb
lleno	  ***  	full	adjective
llevar ; traer	  ***  	bear	verb
llevar ; vestir	  ***  	wear  ; have on	verb
llorar	  ***  	cry  ; weep	verb
lluvia	  ***  	rain  ; rainfall	weather
lluvia ácida	  ***  	acid rain  ; acid precipitation	environment
local	  ***  	local	adjective
los	  ***  	them	pronoun
luchar ; pelear ; combatir ; batallar ; contender ; resistir	  ***  	fight  ; contend  ; struggle	verb
lugar ; puesto ; sitio	  ***  	position  ; place	abstract
lugar ; sitio	  ***  	place  ; topographic point  ; spot	abstract
luna	  ***  	Moon  ; moon	geography
lunes	  ***  	Monday  ; Mon	time
luz	  ***  	light  ; visible light  ; visible radiation	physics
lápiz	  ***  	pencil	art
límite ; raya	  ***  	limit  ; bound  ; boundary	mathematics
línea  ; linea	  ***  	line	art
líquido	  ***  	liquid	adjective
líquido ; licor	  ***  	liquid	material
macho	  ***  	male	adjective-people
macho	  ***  	male  ; male person	society
macillo	  ***  	hammer	tool
madera	  ***  	wood	material
madre	  ***  	mother  ; female parent	family
madre	  ***  	parent	family
maleta	  ***  	suitcase  ; bag  ; traveling bag  ; travelling bag  ; grip	clothes
malo	  ***  	bad	adjective-basic
manejar ; tratar	  ***  	manage  ; deal  ; care  ; handle	verb
mano	  ***  	hand  ; manus  ; mitt  ; paw	anatomy
mantequilla	  ***  	butter	food
manzana	  ***  	apple	fruit
mapa ; plano ; carta	  ***  	map	geography
mar ; océano	  ***  	sea	geography
marca	  ***  	brand  ; make	business
marca	  ***  	record	sports
marca ; señal	  ***  	marker  ; marking  ; mark	business
marco	  ***  	frame	object
margen ; orilla ; vera	  ***  	bank	geography
marinero	  ***  	sailor  ; crewman	profession
marrano	  ***  	pig  ; hog  ; grunter  ; squealer  ; Sus scrofa	animal
marrón	  ***  	brown  ; brownish  ; chocolate-brown  ; dark-brown	color
martes	  ***  	Tuesday  ; Tues	time
masa	  ***  	mass	physics
masa ; volumen ; multitud	  ***  	mass  ; bulk  ; volume	physics
masculino	  ***  	male  ; manful  ; manlike  ; manly  ; virile	adjective-people
matar	  ***  	kill	verb
materia	  ***  	material  ; stuff	business
materia ; sustancia	  ***  	matter	material
matrimonio ; unión	  ***  	marriage  ; matrimony  ; union  ; spousal relationship  ; wedlock	family
mayo	  ***  	May	time
mayoría	  ***  	majority  ; bulk	abstract
mazo  ; garrote  ; maza	  ***  	club	object
mañana	  ***  	morning  ; morn  ; morning time  ; forenoon	time
mañana	  ***  	tomorrow	adverb
mañana	  ***  	tomorrow	time
me	  ***  	me	pronoun
me llamo	  ***  	my name is	conversation
media	  ***  	mean  ; mean value	business
medianoche	  ***  	midnight	time
medición	  ***  	measurement  ; measuring  ; measure  ; mensuration	physics
medida ; tamaño	  ***  	size	physics
medir	  ***  	measure  ; mensurate  ; measure out	verb
mejor	  ***  	best	adjective-basic
mejor	  ***  	better	adjective-basic
melocotón	  ***  	peach	fruit
memoria	  ***  	memory	communication
memoria	  ***  	memory  ; retention  ; retentiveness  ; retentivity	communication
mentir	  ***  	lie	verb-basic
menudo ; pequeño ; chico ; breve ; escaso ; poco	  ***  	small  ; little	adjective
mercado	  ***  	market  ; marketplace  ; market place	business
mes	  ***  	month  ; calendar month	time
mes ; regla	  ***  	menstruation  ; menses  ; menstruum  ; catamenia  ; period  ; flow	medicine
mesa	  ***  	table	furniture
mesa  ; escritorio	  ***  	desk	furniture
metal	  ***  	metallic element  ; metal	material
meter	  ***  	make  ; do	verb-basic
metro ; metropolitano	  ***  	subway  ; metro  ; tube  ; underground  ; subway system	city
metálico	  ***  	metal  ; metallic	adjective
mezquino	  ***  	mean  ; hateful	adjective-people
mi	  ***  	my	pronoun
miedo ; terror ; inseguridad ; aprensión ; susto	  ***  	fear  ; fearfulness  ; fright	feeling
miembro	  ***  	member  ; fellow member	society
mil ; millar	  ***  	thousand  ; one thousand  ; 1000  ; M  ; K  ; chiliad  ; G  ; grand  ; thou  ; yard	number
mil ; millar	  ***  	thousand  ; one thousand  ; 1000  ; m  ; k	number
militar	  ***  	military	adjective
millón	  ***  	million  ; 1000000  ; one thousand thousand  ; meg	number
mina	  ***  	mine	environment
ministro	  ***  	minister  ; government minister	profession
minuto	  ***  	minute  ; min	time
miserable ; pobre ; triste ; indefenso	  ***  	poor  ; hapless  ; miserable  ; misfortunate  ; pathetic  ; piteous  ; pitiable  ; pitiful  ; wretched	adjective
mismo	  ***  	itself	pronoun
mismo	  ***  	same	adjective
mitad	  ***  	half  ; one-half	mathematics
miércoles	  ***  	Wednesday  ; Midweek  ; Wed	time
modelo	  ***  	model	science
moderno	  ***  	modern	adjective
monarca ; rey	  ***  	king  ; male monarch  ; Rex	society
monto ; suma ; total	  ***  	total  ; sum  ; amount	mathematics
mora	  ***  	blackberry	fruit
morado ; violeta	  ***  	violet  ; purple  ; purplish	color
morder	  ***  	bite  ; seize with teeth	verb
mortal	  ***  	person  ; individual  ; someone  ; somebody  ; mortal  ; soul	family
mosca	  ***  	fly	animal
mostrar	  ***  	prove  ; testify  ; bear witness  ; evidence  ; show	verb
motor	  ***  	engine	device
movimiento	  ***  	movement  ; motion	physics
muchas gracias	  ***  	many thanks	conversation
muchas gracias	  ***  	thank you very much	conversation
mucho	  ***  	much	adjective
muchos	  ***  	many	adjective
mueble ; decoración	  ***  	furniture  ; piece of furniture  ; article of furniture	furniture
muelle	  ***  	spring	tool
muerte	  ***  	death	family
muerto ; difunto	  ***  	dead	adjective-people
mujer	  ***  	woman  ; adult female	family
mujer de negocios ; mujer empresaria	  ***  	businesswoman	business
mundo ; pueblo	  ***  	public  ; populace  ; world	society
muro ; pared ; tabique	  ***  	wall	house
museo	  ***  	museum	art
muy	  ***  	very  ; really  ; real  ; rattling	adverb
máquina	  ***  	machine	device
más	  ***  	and	conjunction
más	  ***  	further  ; farther	adjective
más	  ***  	more  ; more than	adjective
más ; otra vez	  ***  	more  ; to a greater extent	adverb
más bien	  ***  	preferably  ; sooner  ; rather	adverb
médico	  ***  	medical	adjective-people
método	  ***  	method	science
móvil  ; celular	  ***  	cellphone  ; cellular telephone  ; cellular phone  ; cell  ; mobile phone	device
músculo	  ***  	muscle  ; musculus	anatomy
música	  ***  	music	art
músico	  ***  	musician  ; instrumentalist  ; player	profession
nacimiento	  ***  	birth  ; nativity  ; nascency  ; nascence	family
nacional	  ***  	national	adjective
nación	  ***  	nation  ; land  ; country	society
nadar	  ***  	swim	verb-basic
naranja	  ***  	orange	fruit
naranja	  ***  	orange  ; orangish	color
nariz	  ***  	nose  ; olfactory organ	anatomy
natural	  ***  	natural	adjective
naturaleza	  ***  	nature	nature
necesario	  ***  	necessary	adjective
necesidad	  ***  	demand  ; need	business
necesitar ; precisar	  ***  	need  ; necessitate  ; ask  ; postulate  ; require  ; take  ; involve  ; call for  ; demand	verb-basic
negocio	  ***  	business  ; concern  ; business concern  ; business organization  ; business organisation	business
negro	  ***  	black	color
nervio	  ***  	nerve  ; nervus	anatomy
niebla	  ***  	fog	weather
niebla mezclada con humo	  ***  	smog  ; smogginess	environment
nieve	  ***  	snow	weather
ningún	  ***  	no	adjective
nivelado	  ***  	even  ; fifty-fifty	adjective
no	  ***  	no	conversation
no	  ***  	not  ; non	adverb
no entiendo	  ***  	I don't understand	conversation
no sé	  ***  	I don't know	conversation
noche	  ***  	night  ; nighttime  ; dark	time
nombre ; apodo	  ***  	name	communication
norma ; regla ; regulación	  ***  	rule  ; regulation	mathematics
normalmente	  ***  	usually  ; normally  ; unremarkably  ; commonly  ; ordinarily	adverb
norte	  ***  	north  ; due north  ; northward  ; N	geography
nos	  ***  	us	pronoun
nosotros	  ***  	we	pronoun
nota ; tono	  ***  	note  ; musical note  ; tone	art
notación ; ángel	  ***  	note  ; annotation  ; notation	communication
noticias	  ***  	news  ; intelligence  ; tidings  ; word	society
noventa	  ***  	ninety  ; 90  ; xc	number
noviembre	  ***  	November  ; Nov	time
nube	  ***  	cloud	weather
nuestro	  ***  	our	pronoun
nueve	  ***  	nine  ; 9  ; ix	number
nuevo	  ***  	new	adjective-basic
nuez	  ***  	nut	fruit
nunca	  ***  	never	adverb
número	  ***  	number	communication
o	  ***  	or	conjunction
ocasión ; oportunidad	  ***  	chance  ; opportunity	abstract
ochenta	  ***  	eighty  ; 80  ; lxxx  ; fourscore	number
ocho	  ***  	eight  ; 8  ; viii	number
octubre	  ***  	October  ; Oct	time
oculto ; secreto	  ***  	secret  ; clandestine  ; cloak-and-dagger  ; hole-and-corner  ; hugger-mugger  ; hush-hush  ; surreptitious  ; undercover  ; underground	adjective
ocupación	  ***  	occupation  ; business  ; job  ; line of work  ; line	business
ocurrir ; pasar ; suceder ; suceso	  ***  	happen  ; hap  ; go on  ; pass off  ; occur  ; pass  ; fall out  ; come about  ; take place	verb
odio	  ***  	hate  ; hatred	feeling
oeste	  ***  	west  ; due west  ; westward  ; W	geography
oferta  ; ganga  ; saldo  ; liquidación	  ***  	offer  ; offering	business
oficina	  ***  	office  ; business office	business
ofrecer	  ***  	offer	verb-basic
ojo	  ***  	eye  ; oculus  ; optic	anatomy
ola	  ***  	wave  ; moving ridge	nature
oler	  ***  	smell	verb
oler	  ***  	smell	verb
oler ; olfatear ; aspirar	  ***  	smell	verb
olor ; hedor	  ***  	smell  ; olfactory property  ; aroma  ; odor  ; odour  ; scent	nature
olvidar  ; ignorar  ; omitir	  ***  	forget	verb-basic
once	  ***  	eleven  ; 11  ; xi	number
operación ; accionamiento	  ***  	operation	business
oración ; frase	  ***  	sentence	communication
orden	  ***  	order	mathematics
orden	  ***  	order	society
ordenador	  ***  	computer  ; computing machine  ; computing device  ; data processor  ; electronic computer  ; information processing system	device
organización	  ***  	organization  ; organisation	society
original	  ***  	original	adjective
oro	  ***  	gold  ; Au  ; atomic number 79	material
orquesta	  ***  	orchestra	art
ortografía	  ***  	spelling	communication
oscuro ; sombrío ; misterioso	  ***  	dark	adjective-basic
oso	  ***  	bear	animal
otoño	  ***  	autumn  ; fall	time
otra vez	  ***  	again  ; once again  ; once more  ; over again	adverb
otro	  ***  	other	adjective
oveja	  ***  	sheep	animal
ozono	  ***  	ozone	environment
oído ; oreja	  ***  	ear	anatomy
oír	  ***  	hear	verb-basic
paciente	  ***  	patient	adjective-people
paciente	  ***  	patient	medicine
pacto ; trato	  ***  	bargain  ; deal	business
padre ; papa ; papá ; viejo	  ***  	father  ; male parent  ; begetter	family
pago	  ***  	payment	business
pago ; recompensa	  ***  	wages  ; reward  ; payoff	business
palabra ; oferta	  ***  	word	communication
palo ; vara ; bastón	  ***  	stick	object
palpar	  ***  	feel  ; sense	verb-basic
pan	  ***  	bread  ; breadstuff  ; staff of life	food
pantalla	  ***  	cover  ; screen  ; covert  ; concealment	object
papel	  ***  	paper	art
par	  ***  	even	adjective
par ; pareja	  ***  	couple  ; pair  ; twosome  ; twain  ; brace  ; span  ; yoke  ; couplet  ; distich  ; duo  ; duet  ; dyad  ; duad	number
para	  ***  	for	preposition
parada	  ***  	stop  ; halt	abstract
parado	  ***  	unemployed	adjective-people
paralelo	  ***  	parallel	adjective
parecer	  ***  	look  ; appear  ; seem	verb
parecido ; semejante ; similar	  ***  	similar	adjective-basic
parque	  ***  	park  ; commons  ; common  ; green	city
parte ; porcentaje	  ***  	part  ; share  ; portion  ; percentage	abstract
parte ; región	  ***  	region  ; part	geography
particular	  ***  	particular	adjective
partido ; equipo	  ***  	match	sports
partir ; quebrar ; romper ; destrozar	  ***  	break	verb-basic
pasado	  ***  	past	adjective
pasado	  ***  	past  ; past times  ; yesteryear	time
pasajero ; pasajera	  ***  	passenger  ; rider	transport
pasaporte	  ***  	passport	society
pasar	  ***  	spend  ; pass	verb
pase	  ***  	pass  ; laissez passer	society
paso ; desplazamiento	  ***  	step  ; footstep  ; pace  ; stride	abstract
pastel	  ***  	cake	food
pastinaca sativa	  ***  	parsnip  ; Pastinaca sativa	vegetable
patada	  ***  	kick	verb
patada	  ***  	kick  ; boot  ; kicking	abstract
patata	  ***  	potato  ; white potato  ; Irish potato  ; murphy  ; spud  ; tater	vegetable
patinazo	  ***  	skid  ; slip  ; sideslip	transport
pausa ; suspensión	  ***  	pause  ; intermission  ; break  ; interruption  ; suspension	time
paz	  ***  	peace	society
paño ; tejido ; tela ; trapo ; red	  ***  	cloth  ; fabric  ; material  ; textile	clothes
pecho	  ***  	chest  ; breast	anatomy
pedazo ; trozo	  ***  	piece	abstract
pedir ; solicitar ; demandar	  ***  	request  ; bespeak  ; call for  ; quest	verb
pelar ; mondar	  ***  	peel  ; skin  ; pare	verb
peligro ; riesgo	  ***  	danger	abstract
peligro ; riesgo ; azar	  ***  	risk  ; hazard  ; jeopardy  ; peril  ; endangerment	abstract
peligroso	  ***  	dangerous  ; unsafe	adjective
pelo	  ***  	hair	anatomy
pelo  ; cabello	  ***  	hair  ; pilus	anatomy
película ; producción	  ***  	movie  ; film  ; picture  ; moving picture  ; moving-picture show  ; motion picture  ; motion-picture show  ; picture show  ; pic  ; flick	art
pensar ; fraguar	  ***  	mean  ; intend  ; think	verb
pepino	  ***  	cucumber  ; cuke	vegetable
pepita ; semilla	  ***  	seed	object
pera	  ***  	pear	fruit
perder	  ***  	lose	verb
perder	  ***  	lose	verb-basic
perder	  ***  	miss	verb
perdonar ; excusar	  ***  	forgive	verb
periodista ; corresponsal ; cronista ; editor	  ***  	journalist	profession
permanecer  ; mantener  ; esperar	  ***  	stay  ; remain  ; rest	verb
perro	  ***  	dog  ; domestic dog  ; Canis familiaris	animal
personal	  ***  	staff	business
personal  ; particular	  ***  	private	adjective
personalidad	  ***  	personality	abstract
pertenencia ; propiedad	  ***  	property  ; belongings  ; holding	business
período  ; ciclo	  ***  	period  ; time period  ; period of time	time
pesado	  ***  	heavy	adjective-basic
pesar	  ***  	weigh	verb
peso	  ***  	weight	physics
petróleo	  ***  	oil  ; petroleum  ; crude oil  ; crude  ; rock oil  ; fossil oil	material
pez	  ***  	fish	animal
pico	  ***  	beak  ; bill  ; neb  ; nib  ; pecker	anatomy
pie	  ***  	foot  ; human foot  ; pes	anatomy
piedra ; roca	  ***  	stone  ; rock	object
piel	  ***  	skin  ; tegument  ; cutis	anatomy
pierna	  ***  	leg	anatomy
piloto	  ***  	pilot  ; airplane pilot	profession
pintura	  ***  	paint  ; pigment	art
piso ; planta	  ***  	floor  ; level  ; storey  ; story	house
piso ; suelo ; pavimento	  ***  	floor  ; flooring	house
pistola	  ***  	gun	tool
placer ; gusto	  ***  	pleasure  ; pleasance	feeling
plan ; programa ; plano ; llano ; proyecto	  ***  	plan  ; program  ; programme	business
planeta	  ***  	world	nature
planificar	  ***  	plan	verb
plata	  ***  	silver  ; Ag  ; atomic number 47	material
plata ; argento ; color plateado	  ***  	silver	adjective
plato	  ***  	plate	container
playa	  ***  	beach	geography
plomo	  ***  	lead  ; Pb  ; atomic number 82	material
pluma	  ***  	feather  ; plume  ; plumage	object
pluma	  ***  	pen	art
plátano	  ***  	banana	fruit
población	  ***  	population	society
población ; villa ; ciudad	  ***  	town	city
pobre	  ***  	poor	adjective-people
poco	  ***  	little	adverb
pocos	  ***  	few	adjective
poema ; poesía ; verso	  ***  	poem  ; verse form	art
poesía ; verso	  ***  	poetry  ; poesy  ; verse	art
polvo	  ***  	dust	material
polvo	  ***  	powder  ; pulverization  ; pulverisation	material
política	  ***  	policy	society
político	  ***  	political	adjective
político	  ***  	politician  ; politico  ; pol  ; political leader	profession
poner	  ***  	put  ; set  ; place  ; pose  ; position  ; lay	verb-basic
popular	  ***  	popular  ; pop	adjective
por	  ***  	by  ; past	adverb
por	  ***  	to	preposition
por favor	  ***  	please	adverb
por lo menos ; como minimo	  ***  	least  ; to the lowest degree	adverb
por qué	  ***  	why	adverb
porcentaje	  ***  	percent  ; percentage  ; per centum  ; pct	mathematics
porque	  ***  	because	conjunction
porte	  ***  	stamp  ; postage  ; postage stamp	object
poseer ; tener	  ***  	own  ; have  ; possess	verb
posible ; probable ; eventual	  ***  	probable  ; likely	adjective
posible ; realizable	  ***  	possible	adjective
pozo	  ***  	well	house
preguntar ; solicitar ; interrogar ; averiguar	  ***  	ask  ; inquire  ; enquire	verb
preparar ; cocer	  ***  	cook	verb
presentar	  ***  	introduce  ; present  ; acquaint	verb
presidente	  ***  	president	profession
presión	  ***  	pressure  ; pressure level  ; force per unit area	physics
primavera	  ***  	spring  ; springtime	time
primero	  ***  	first	adjective
primero	  ***  	first  ; firstly  ; foremost  ; first of all  ; first off	adverb
primero ; primeramente ; primer	  ***  	first  ; 1st	number
primordial ; principal ; mayor	  ***  	main  ; chief  ; primary  ; principal  ; master	adjective
principal	  ***  	major	adjective
prisión	  ***  	prison  ; prison house	city
probablemente	  ***  	probably  ; likely  ; in all likelihood  ; in all probability  ; belike	adverb
probar	  ***  	taste  ; savor  ; savour	verb
problema	  ***  	issue	science
problema	  ***  	trouble  ; problem	science
procedimiento ; proceso ; método	  ***  	procedure  ; process	science
procesar ; tratar	  ***  	process  ; treat	verb
proceso	  ***  	process  ; physical process	physics
producción ; creación ; elaboración	  ***  	production	science
producción ; producto	  ***  	product  ; production	business
profesional	  ***  	professional	adjective
profesional	  ***  	professional  ; professional person	profession
profesor ; maestro ; educador	  ***  	teacher  ; instructor	education
profundo ; ahuecado ; grave ; hondo ; abstruso ; intenso	  ***  	deep	adjective-basic
programa	  ***  	program  ; programme  ; computer program  ; computer programme	science
pronto	  ***  	early  ; early on	adverb
pronto	  ***  	soon  ; shortly  ; presently  ; before long	adverb
pronunciación	  ***  	pronunciation	communication
propiedad	  ***  	property	abstract
propio	  ***  	own  ; ain	adjective
proponer ; sugerir ; aconsejar ; inspirar ; apuntar	  ***  	suggest  ; propose  ; advise	verb
proposición	  ***  	proposal	communication
proposición ; propuesta ; sugerencia	  ***  	suggestion  ; proposition  ; proffer	communication
protesta	  ***  	protest  ; protestation	communication
protestar ; reclamar ; amenazar ; luchar	  ***  	protest	verb
proyecto	  ***  	project  ; projection	science
proyecto ; tarea ; contrata	  ***  	project  ; undertaking  ; task  ; labor	abstract
práctica	  ***  	practice	abstract
publicar ; sacar	  ***  	publish  ; bring out  ; put out  ; issue  ; release	verb
pueblo	  ***  	village  ; small town  ; settlement	city
puente	  ***  	bridge  ; span	city
puerta ; hoja	  ***  	door	house
pulgar	  ***  	thumb  ; pollex	anatomy
punto	  ***  	stitch	medicine
punto ; puntillo	  ***  	point  ; dot	communication
página ; hoja	  ***  	page	communication
pérdida	  ***  	loss	business
público	  ***  	public	adjective
que	  ***  	than	conjunction
que	  ***  	what	pronoun
queso	  ***  	cheese	food
quisquilloso	  ***  	dainty  ; nice  ; overnice  ; prissy  ; squeamish	adjective
quitar ; sacar	  ***  	remove  ; take  ; take away  ; withdraw	verb
quizás	  ***  	possibly  ; perchance  ; perhaps  ; maybe  ; mayhap  ; peradventure	adverb
quién	  ***  	who	pronoun
quién	  ***  	whom	pronoun
química	  ***  	chemistry  ; chemical science	science
químico	  ***  	chemical  ; chemic	adjective
rama	  ***  	branch	nature
rayo	  ***  	lightning	weather
razón ; motivo	  ***  	reason  ; ground	communication
raíz	  ***  	root	mathematics
raíz	  ***  	root	nature
reacción	  ***  	reaction	communication
real	  ***  	royal  ; imperial  ; majestic  ; purple  ; regal	adjective-people
realmente	  ***  	really  ; truly  ; genuinely	adverb
rechazar ; declinar ; desairar ; desterrar ; excluir ; rehusar	  ***  	refuse  ; reject  ; pass up  ; turn down  ; decline	verb
recibir	  ***  	receive  ; have	verb
reciclaje	  ***  	recycling	environment
reciente	  ***  	recent	adjective
recientemente	  ***  	now	time
recientemente	  ***  	recently  ; late  ; lately  ; of late  ; latterly	adverb
recordar ; avisar ; recuperar	  ***  	remember  ; retrieve  ; recall  ; call back  ; call up  ; recollect  ; think	verb-basic
recto ; derecho ; vertical ; perpendicular ; directo	  ***  	straight	adjective
red  ; malla	  ***  	net  ; network  ; mesh  ; meshing  ; meshwork	mathematics
redondear	  ***  	round off  ; round down  ; round out  ; round	verb
redondo	  ***  	round  ; circular	adjective
reemplazar	  ***  	replace  ; supplant  ; supersede  ; supervene upon  ; supercede	verb
reflejar	  ***  	reflect  ; reverberate	verb
regalo ; presente	  ***  	present	object
regreso ; vuelta ; retorno	  ***  	return  ; homecoming	abstract
regular	  ***  	regular	adjective
relación	  ***  	relation	communication
relación	  ***  	relationship  ; human relationship	family
reloj	  ***  	clock	device
reloj	  ***  	watch  ; ticker	device
repentino	  ***  	sudden	adjective
repollo	  ***  	cabbage  ; chou	vegetable
reposar	  ***  	rest	verb
representante	  ***  	representative	profession
representar ; significar	  ***  	mean	verb
resfriado	  ***  	cold  ; common cold	medicine
responder	  ***  	reply  ; answer  ; respond	verb
responsabilidad ; deber	  ***  	responsibility  ; responsibleness	abstract
responsable	  ***  	responsible	adjective
respuesta	  ***  	answer  ; reply  ; response	communication
restante ; resto ; residuo ; escombro	  ***  	rest  ; remainder  ; balance  ; residual  ; residue  ; residuum	business
restaurante	  ***  	restaurant  ; eating house  ; eating place  ; eatery	city
revista	  ***  	magazine  ; mag	communication
reír	  ***  	laugh  ; express joy  ; express mirth	verb-basic
rico	  ***  	rich	adjective-people
ritmo ; compás	  ***  	rhythm  ; beat  ; musical rhythm	art
rocío	  ***  	dew	weather
rodilla	  ***  	knee  ; knee joint  ; human knee  ; articulatio genus  ; genu	anatomy
rojizo ; rojo	  ***  	red  ; reddish  ; ruddy  ; blood-red  ; carmine  ; cerise  ; cherry  ; cherry-red  ; crimson  ; ruby  ; ruby-red  ; scarlet	color
rollo	  ***  	coil  ; whorl  ; roll  ; curl  ; curlicue  ; ringlet  ; gyre  ; scroll	object
rosa ; rosado	  ***  	pink  ; pinkish	color
roto	  ***  	broken	adjective
rueda	  ***  	wheel	object
ruido	  ***  	noise  ; dissonance  ; racket	society
ruso	  ***  	Russian	language
rábano	  ***  	radish	vegetable
rápidamente ; a prisa ; al trote ; apresuradamente ; aprisa ; con prontitud ; de prisa ; ejecutivamente ; ligero ; prestamente ; presto ; presurosamente ; prontamente ; raudamente ; velozmente	  ***  	quickly  ; rapidly  ; speedily  ; chop-chop  ; apace	adverb
rápido ; veloz	  ***  	fast	adjective-basic
rígido ; tieso	  ***  	rigid  ; stiff	adjective
río	  ***  	river	geography
s ; segundo	  ***  	second  ; sec  ; s	time
sabio ; serio ; formal	  ***  	wise	adjective-people
sal	  ***  	salt  ; table salt  ; common salt	food
salsa	  ***  	sauce	food
saltar ; brincar	  ***  	jump  ; leap  ; bound  ; spring	verb-basic
salto	  ***  	jump  ; leap  ;  saltation	abstract
salud	  ***  	cheers	conversation
salud	  ***  	health  ; wellness	medicine
salvar ; sacar ; librar	  ***  	save  ; salvage  ; salve  ; relieve	verb
sangre	  ***  	blood	anatomy
sano	  ***  	healthy	adjective-people
sano	  ***  	healthy  ; salubrious  ; good for you	adjective-basic
se	  ***  	herself	pronoun
seco	  ***  	dry	adjective
secretario	  ***  	secretary  ; secretarial assistant	profession
secreto	  ***  	secret	communication
seda	  ***  	silk	material
sediento	  ***  	thirsty	adjective-people
seguir ; continuar ; proseguir	  ***  	follow	verb-basic
segundo	  ***  	second  ; 2nd  ; 2d	adjective
seguro	  ***  	insurance	business
seguro	  ***  	safe	adjective
seguro ; cierto	  ***  	certain  ; sure	adjective
seis	  ***  	six  ; 6  ; vi  ; half dozen  ; half-dozen	number
sello ; cajetín ; timbre	  ***  	stamp	tool
semana	  ***  	week  ; calendar week	time
sentar	  ***  	sit  ; sit down	verb-basic
sentimiento	  ***  	feeling	communication
separado	  ***  	separate	adjective
septiembre	  ***  	September  ; Sep  ; Sept	time
ser	  ***  	be	verb-basic
serenidad ; sosiego ; tranquilidad ; calma ; dulzura	  ***  	quiet  ; repose  ; placidity  ; serenity  ; tranquillity  ; tranquility	abstract
serie	  ***  	serial  ; series	abstract
serio	  ***  	serious	adjective
serpiente	  ***  	snake  ; serpent  ; ophidian	animal
servicio	  ***  	service	business
sesenta	  ***  	sixty  ; 60  ; lx  ; threescore	number
setenta	  ***  	seventy  ; 70  ; lxx	number
sexo	  ***  	sex	nature
sexo	  ***  	sex  ; sexual activity  ; sexual practice  ; sex activity	relations
si	  ***  	if	conjunction
siempre	  ***  	always  ; ever  ; e'er	adverb
siete	  ***  	seven  ; 7  ; vii	number
siglo	  ***  	century	time
signo	  ***  	sign	communication
siguiente  ; próximo	  ***  	following  ; next	adjective
silencio ; discreción ; mordaza ; reserva	  ***  	silence  ; quiet	abstract
silencioso	  ***  	quiet	adjective
silencioso ; callado	  ***  	silent  ; soundless  ; still	adjective
silla	  ***  	chair	furniture
simio ; mono	  ***  	monkey	animal
simpatizar  ; considerar  ; estimar  ; apreciar	  ***  	like	verb-basic
sin	  ***  	without	preposition
sincero ; franco ; leal	  ***  	sincere	adjective-people
sistema	  ***  	system  ; scheme	science
situación	  ***  	situation  ; state of affairs	abstract
sobre	  ***  	envelope	container
sobre	  ***  	on	preposition
sobre	  ***  	on	preposition
social	  ***  	social	adjective
sociedad	  ***  	society	science
sol	  ***  	sun  ; Sun	geography
solamente	  ***  	simply  ; merely  ; just  ; only  ; but	adverb
soldado	  ***  	soldier	profession
solitario	  ***  	alone  ; lone  ; lonely  ; solitary	adjective-people
solitario	  ***  	entirely  ; exclusively  ; solely  ; alone  ; only	adverb
solo	  ***  	single	adjective
soltero	  ***  	single  ; unmarried	adjective-people
sombrero	  ***  	hat  ; chapeau  ; lid	clothes
sonido	  ***  	sound	physics
sonreír	  ***  	smile	verb-basic
sonrisa	  ***  	smile  ; smiling  ; grin  ; grinning	relations
sopa ; caldo	  ***  	soup	food
soportar ; sufrir	  ***  	suffer  ; endure	verb
sorprender	  ***  	surprise	verb
su	  ***  	her	pronoun
su	  ***  	his	pronoun
su	  ***  	their	pronoun
su	  ***  	your	pronoun
sucio ; asqueroso	  ***  	dirty  ; soiled  ; unclean	adjective-basic
sueño	  ***  	sleep  ; slumber	nature
suma	  ***  	addition  ; summation  ; plus	mathematics
sumar	  ***  	add  ; add together	verb
superar	  ***  	exceed  ; transcend  ; overstep  ; pass  ; go past  ; top	verb
superficie	  ***  	surface	mathematics
superioridad ; ventaja	  ***  	advantage  ; vantage	business
supermercado	  ***  	supermarket	city
suponer	  ***  	suppose  ; say	verb
sur	  ***  	south  ; due south  ; southward  ; S	geography
sustancia química	  ***  	chemical  ; chemical substance	material
sustitución	  ***  	substitution  ; exchange  ; commutation	mathematics
sábado	  ***  	Saturday  ; Sabbatum  ; Sat	time
sí	  ***  	himself	pronoun
sí	  ***  	yes	conversation
sólido	  ***  	solid	adjective
tabla	  ***  	table  ; tabular array	business
tabla ; tablero	  ***  	board	object
tal	  ***  	such	adverb
tallo ; pedúnculo	  ***  	stem  ; stalk	nature
talón ; cheque	  ***  	check  ; bank check  ; cheque	business
también	  ***  	too  ; besides  ; also  ; likewise  ; as well	adverb
tarde	  ***  	afternoon	time
tarde	  ***  	late  ; belatedly  ; tardily	adverb
tardío ; pausado ; lento	  ***  	late	adjective
tarifa ; tipo ; tasa	  ***  	rate  ; charge per unit	business
taza	  ***  	cup	container
te	  ***  	yourself	pronoun
teatro	  ***  	theater  ; theatre  ; house	city
techo	  ***  	roof	house
tecnología	  ***  	technology  ; engineering	science
tele ; televisión ; televisor	  ***  	television  ; tv set  ; television receiver  ; television set  ; tv  ; idiot box  ; boob tube  ; telly  ; goggle box	device
temblor ; escalofríos	  ***  	shake  ; tremble  ; shiver	abstract
temporada	  ***  	season	time
temprano	  ***  	early	adjective
tendencia	  ***  	trend  ; tendency	science
tenedor	  ***  	fork	kitchen
tener	  ***  	have  ; have got  ; hold	verb-basic
tenis	  ***  	tennis  ; lawn tennis	sports
teoría	  ***  	theory	science
tercero	  ***  	third  ; 3rd  ; tertiary	number
testamento	  ***  	will  ; testament	society
tiempo	  ***  	time  ; fourth dimension	physics
tiempo ; clima	  ***  	weather  ; weather condition  ; conditions  ; atmospheric condition	nature
tierra	  ***  	earth  ; ground	material
tierra	  ***  	land  ; dry land  ; earth  ; ground  ; solid ground  ; terra firma	geography
tijeras	  ***  	scissors  ; pair of scissors	tool
tinta	  ***  	ink	art
tipo	  ***  	type	abstract
todavía	  ***  	still	adverb
todo	  ***  	all	adjective
todo	  ***  	everything	pronoun
todo ; totalidad	  ***  	whole	abstract
todos	  ***  	everybody  ; everyone	pronoun
tomate	  ***  	tomato	vegetable
tonto	  ***  	silly  ; airheaded  ; dizzy  ; empty-headed  ; featherbrained  ; giddy  ; light-headed  ; lightheaded	adjective-people
toque	  ***  	touch  ; touching	abstract
tormenta	  ***  	storm  ; violent storm	weather
tos	  ***  	cough  ; coughing	medicine
toser	  ***  	cough	verb
trabajador	  ***  	worker	business
trabajo	  ***  	work	business
trampa	  ***  	trick	abstract
transporte	  ***  	transport  ; shipping  ; transportation	transport
tras ; détras de ;	  ***  	beyond	adverb
tratamiento ; trato	  ***  	treatment  ; handling	abstract
trece	  ***  	thirteen  ; 13  ; xiii	number
treinta	  ***  	thirty  ; 30  ; xxx	number
tres	  ***  	three  ; 3  ; iii	number
triste	  ***  	sad	adjective-people
triunfo	  ***  	win	sports
tronco	  ***  	body  ; torso  ; trunk	anatomy
trozo	  ***  	slice  ; piece	abstract
trueno	  ***  	thunder	weather
tubería  ; conducto	  ***  	pipe  ; pipage  ; piping	object
tuerca	  ***  	nut	object
té	  ***  	tea	drink
título	  ***  	title	society
tórax	  ***  	chest  ; thorax  ; pectus	anatomy
tóxico	  ***  	poison  ; toxicant  ; poisonous substance	material
un	  ***  	a  ; an	article
unidad	  ***  	unit  ; unit of measurement	physics
unipersonal	  ***  	private  ; individual	adjective-people
universidad	  ***  	university	city
unión	  ***  	union	society
uno ; a	  ***  	one  ; 1  ; i  ; ane	number
usuario	  ***  	user	science
uña	  ***  	nail	anatomy
vaca	  ***  	cow  ; moo-cow	animal
vacaciones ; feriado	  ***  	holiday  ; vacation	business
vaciadero	  ***  	dump  ; garbage dump  ; trash dump  ; rubbish dump  ; wasteyard  ; waste-yard  ; dumpsite	environment
valor	  ***  	value	business
vapor	  ***  	smoke  ; fume	nature
varios	  ***  	several	adjective
vaso ; copa	  ***  	glass  ; drinking glass	container
vecina ; vecino ; cercano	  ***  	neighbor  ; neighbour	family
veinte	  ***  	twenty  ; 20  ; xx	number
vela	  ***  	sail  ; canvas  ; canvass  ; sheet	object
vencer	  ***  	beat  ; beat out  ; crush  ; shell  ; trounce  ; vanquish	verb
vender	  ***  	sell	verb-basic
venta	  ***  	sale	business
ventana	  ***  	window	house
ver	  ***  	see	verb
ver	  ***  	watch  ; see  ; view  ;  catch  ; take in	verb
ver ; visitar	  ***  	visit  ; see	verb
verano	  ***  	summer  ; summertime	time
verdaderamente	  ***  	indeed  ; so	adverb
verdaderamente	  ***  	really  ; actually	adverb
verdadero	  ***  	true	adjective
verde	  ***  	green  ; greenish  ; light-green  ; dark-green	color
verja ; reja ; valla	  ***  	gate	house
vestido  ; prenda  ; ropa	  ***  	clothing  ; article of clothing  ; vesture  ; wear  ; wearable  ; habiliment	clothes
vez	  ***  	once  ; one time  ; in one case	adverb
viaje	  ***  	journey  ; journeying	transport
vidrio	  ***  	glass	material
viejo ; veterano	  ***  	old	adjective-people
viernes	  ***  	Friday  ; Fri	time
vigente	  ***  	current	adjective
vino	  ***  	wine  ; vino	drink
violento	  ***  	violent	adjective-people
visita	  ***  	visit	relations
visto	  ***  	obviously  ; evidently  ; manifestly  ; patently  ; apparently  ; plainly  ; plain	adverb
vivo	  ***  	alive  ; live	adjective-people
volar	  ***  	fly  ; wing	verb-basic
voluntad	  ***  	will	society
voluntad	  ***  	will  ; volition	abstract
voz	  ***  	voice  ; vocalization  ; vocalisation  ; vocalism  ; phonation  ; vox	communication
vuelo	  ***  	flight  ; flying	transport
ya	  ***  	already	adverb
ya que	  ***  	for	conjunction
yacer	  ***  	lie	verb-basic
zanahoria	  ***  	carrot  ; cultivated carrot  ; Daucus carota sativa	vegetable
zapato	  ***  	shoe	clothes
¿cómo	  ***  	sorry	conversation
¿es	  ***  	how are you	conversation
ácido	  ***  	acid	adjective
ácido ; agrio	  ***  	acid	material
ámbito ; área ; campo ; disciplina	  ***  	discipline  ; subject  ; subject area  ; subject field  ; field  ; field of study  ; study  ; bailiwick	science
ángulo	  ***  	angle	mathematics
árbol	  ***  	tree	nature
área ; superficie	  ***  	area  ; expanse  ; surface area	mathematics
áspero	  ***  	rough  ; unsmooth	adjective
átomo ; pedazo ; pizca ; viruta	  ***  	bit  ; chip  ; flake  ; fleck  ; scrap	abstract
él	  ***  	he	pronoun
él	  ***  	him	pronoun
éxito	  ***  	hit  ; smash  ; smasher  ; strike  ; bang	art
éxito	  ***  	success	business
último	  ***  	finally  ; last  ; lastly  ; in conclusion	adverb
último	  ***  	last	adjective
